school_id,timestamp,gender,population
21,04-01-2024,Male,3
21,04-01-2024,Female,38
14,04-01-2024,Male,8
14,04-01-2024,Female,26
12,04-01-2024,Male,5
12,04-01-2024,Female,20
1,04-01-2024,Male,4
1,04-01-2024,Female,20
15,04-01-2024,Male,4
15,04-01-2024,Female,14
19,04-01-2024,Male,4
19,04-01-2024,Female,17
11,04-01-2024,Male,3
11,04-01-2024,Female,14
17,04-01-2024,Male,1
17,04-01-2024,Female,13
8,04-01-2024,Male,2
8,04-01-2024,Female,18
20,04-01-2024,Male,4
20,04-01-2024,Female,9
16,04-01-2024,Male,19
16,04-01-2024,Female,18
18,04-01-2024,Male,3
18,04-01-2024,Female,18
9,04-01-2024,Male,2
9,04-01-2024,Female,20
10,04-01-2024,Male,8
10,04-01-2024,Female,9
7,04-01-2024,Male,3
7,04-01-2024,Female,22
5,04-01-2024,Male,3
5,04-01-2024,Female,15
6,04-01-2024,Male,1
6,04-01-2024,Female,18
2,04-01-2024,Male,2
2,04-01-2024,Female,17
4,04-01-2024,Male,8
4,04-01-2024,Female,27
3,04-01-2024,Male,2
3,04-01-2024,Female,12
13,04-01-2024,Male,3
13,04-01-2024,Female,18
920,04-01-2024,Male,9
920,04-01-2024,Female,23
924,04-01-2024,Male,2
924,04-01-2024,Female,18
926,04-01-2024,Male,2
926,04-01-2024,Female,37
925,04-01-2024,Male,1
925,04-01-2024,Female,14
918,04-01-2024,Male,2
918,04-01-2024,Female,15
927,04-01-2024,Male,3
927,04-01-2024,Female,7
923,04-01-2024,Male,3
923,04-01-2024,Female,9
929,04-01-2024,Male,5
929,04-01-2024,Female,17
921,04-01-2024,Male,5
921,04-01-2024,Female,14
916,04-01-2024,Male,1
916,04-01-2024,Female,11
919,04-01-2024,Male,3
919,04-01-2024,Female,17
928,04-01-2024,Male,3
928,04-01-2024,Female,16
922,04-01-2024,Male,3
922,04-01-2024,Female,8
917,04-01-2024,Male,2
917,04-01-2024,Female,6
930,04-01-2024,Male,3
930,04-01-2024,Female,8
931,04-01-2024,Male,1
931,04-01-2024,Female,7
947,04-01-2024,Male,2
947,04-01-2024,Female,23
950,04-01-2024,Male,2
950,04-01-2024,Female,19
955,04-01-2024,Male,19
955,04-01-2024,Female,18
952,04-01-2024,Male,4
952,04-01-2024,Female,14
949,04-01-2024,Male,6
949,04-01-2024,Female,15
956,04-01-2024,Male,6
956,04-01-2024,Female,18
960,04-01-2024,Male,3
960,04-01-2024,Female,10
957,04-01-2024,Male,3
957,04-01-2024,Female,15
954,04-01-2024,Male,2
954,04-01-2024,Female,6
958,04-01-2024,Male,1
958,04-01-2024,Female,9
953,04-01-2024,Male,7
953,04-01-2024,Female,7
951,04-01-2024,Male,3
951,04-01-2024,Female,18
959,04-01-2024,Male,3
959,04-01-2024,Female,13
948,04-01-2024,Male,4
948,04-01-2024,Female,14
1034,04-01-2024,Male,4
1034,04-01-2024,Female,8
129,04-01-2024,Male,3
129,04-01-2024,Female,19
124,04-01-2024,Male,3
124,04-01-2024,Female,24
126,04-01-2024,Male,3
126,04-01-2024,Female,19
123,04-01-2024,Male,1
123,04-01-2024,Female,20
122,04-01-2024,Male,1
122,04-01-2024,Female,16
119,04-01-2024,Male,5
119,04-01-2024,Female,9
116,04-01-2024,Male,22
116,04-01-2024,Female,26
121,04-01-2024,Male,6
121,04-01-2024,Female,23
127,04-01-2024,Male,1
127,04-01-2024,Female,19
130,04-01-2024,Male,2
130,04-01-2024,Female,19
118,04-01-2024,Male,6
118,04-01-2024,Female,18
117,04-01-2024,Male,1
117,04-01-2024,Female,12
115,04-01-2024,Male,1
115,04-01-2024,Female,11
125,04-01-2024,Male,0
125,04-01-2024,Female,16
120,04-01-2024,Male,3
120,04-01-2024,Female,11
128,04-01-2024,Male,2
128,04-01-2024,Female,12
142,04-01-2024,Male,6
142,04-01-2024,Female,34
146,04-01-2024,Male,4
146,04-01-2024,Female,24
145,04-01-2024,Male,4
145,04-01-2024,Female,9
147,04-01-2024,Male,4
147,04-01-2024,Female,19
141,04-01-2024,Male,1
141,04-01-2024,Female,12
143,04-01-2024,Male,0
143,04-01-2024,Female,0
148,04-01-2024,Male,2
148,04-01-2024,Female,18
1035,04-01-2024,Male,2
1035,04-01-2024,Female,5
1036,04-01-2024,Male,5
1036,04-01-2024,Female,1
144,04-01-2024,Male,4
144,04-01-2024,Female,9
178,04-01-2024,Male,6
178,04-01-2024,Female,52
175,04-01-2024,Male,7
175,04-01-2024,Female,43
173,04-01-2024,Male,2
173,04-01-2024,Female,49
169,04-01-2024,Male,5
169,04-01-2024,Female,42
163,04-01-2024,Male,3
163,04-01-2024,Female,41
176,04-01-2024,Male,2
176,04-01-2024,Female,38
172,04-01-2024,Male,3
172,04-01-2024,Female,18
168,04-01-2024,Male,2
168,04-01-2024,Female,57
177,04-01-2024,Male,1
177,04-01-2024,Female,17
167,04-01-2024,Male,4
167,04-01-2024,Female,19
170,04-01-2024,Male,2
170,04-01-2024,Female,23
164,04-01-2024,Male,3
164,04-01-2024,Female,28
165,04-01-2024,Male,7
165,04-01-2024,Female,29
181,04-01-2024,Male,3
181,04-01-2024,Female,13
180,04-01-2024,Male,5
180,04-01-2024,Female,18
171,04-01-2024,Male,2
171,04-01-2024,Female,17
174,04-01-2024,Male,2
174,04-01-2024,Female,13
166,04-01-2024,Male,0
166,04-01-2024,Female,13
179,04-01-2024,Male,3
179,04-01-2024,Female,28
276,04-01-2024,Male,4
276,04-01-2024,Female,29
277,04-01-2024,Male,2
277,04-01-2024,Female,20
270,04-01-2024,Male,4
270,04-01-2024,Female,24
274,04-01-2024,Male,7
274,04-01-2024,Female,20
272,04-01-2024,Male,2
272,04-01-2024,Female,21
273,04-01-2024,Male,2
273,04-01-2024,Female,13
275,04-01-2024,Male,6
275,04-01-2024,Female,23
271,04-01-2024,Male,3
271,04-01-2024,Female,8
570,04-01-2024,Male,13
570,04-01-2024,Female,31
571,04-01-2024,Male,4
571,04-01-2024,Female,20
575,04-01-2024,Male,12
575,04-01-2024,Female,21
573,04-01-2024,Male,11
573,04-01-2024,Female,13
577,04-01-2024,Male,2
577,04-01-2024,Female,21
567,04-01-2024,Male,5
567,04-01-2024,Female,11
568,04-01-2024,Male,1
568,04-01-2024,Female,16
572,04-01-2024,Male,13
572,04-01-2024,Female,31
569,04-01-2024,Male,5
569,04-01-2024,Female,11
574,04-01-2024,Male,1
574,04-01-2024,Female,16
576,04-01-2024,Male,4
576,04-01-2024,Female,15
593,04-01-2024,Male,1
593,04-01-2024,Female,37
594,04-01-2024,Male,3
594,04-01-2024,Female,35
596,04-01-2024,Male,5
596,04-01-2024,Female,46
595,04-01-2024,Male,7
595,04-01-2024,Female,35
597,04-01-2024,Male,6
597,04-01-2024,Female,36
598,04-01-2024,Male,1
598,04-01-2024,Female,28
592,04-01-2024,Male,1
592,04-01-2024,Female,38
591,04-01-2024,Male,3
591,04-01-2024,Female,26
680,04-01-2024,Male,3
680,04-01-2024,Female,16
671,04-01-2024,Male,1
671,04-01-2024,Female,14
669,04-01-2024,Male,0
669,04-01-2024,Female,17
672,04-01-2024,Male,3
672,04-01-2024,Female,9
673,04-01-2024,Male,2
673,04-01-2024,Female,8
667,04-01-2024,Male,0
667,04-01-2024,Female,6
666,04-01-2024,Male,3
666,04-01-2024,Female,6
677,04-01-2024,Male,1
677,04-01-2024,Female,12
668,04-01-2024,Male,2
668,04-01-2024,Female,11
674,04-01-2024,Male,2
674,04-01-2024,Female,9
679,04-01-2024,Male,0
679,04-01-2024,Female,19
681,04-01-2024,Male,5
681,04-01-2024,Female,4
678,04-01-2024,Male,4
678,04-01-2024,Female,10
682,04-01-2024,Male,1
682,04-01-2024,Female,6
676,04-01-2024,Male,7
676,04-01-2024,Female,12
670,04-01-2024,Male,2
670,04-01-2024,Female,5
675,04-01-2024,Male,1
675,04-01-2024,Female,11
292,04-01-2024,Male,1
292,04-01-2024,Female,32
290,04-01-2024,Male,4
290,04-01-2024,Female,18
286,04-01-2024,Male,4
286,04-01-2024,Female,17
288,04-01-2024,Male,5
288,04-01-2024,Female,30
291,04-01-2024,Male,1
291,04-01-2024,Female,25
287,04-01-2024,Male,5
287,04-01-2024,Female,34
293,04-01-2024,Male,4
293,04-01-2024,Female,19
289,04-01-2024,Male,3
289,04-01-2024,Female,33
504,04-01-2024,Male,1
504,04-01-2024,Female,15
506,04-01-2024,Male,6
506,04-01-2024,Female,15
511,04-01-2024,Male,3
511,04-01-2024,Female,18
500,04-01-2024,Male,8
500,04-01-2024,Female,18
499,04-01-2024,Male,6
499,04-01-2024,Female,19
509,04-01-2024,Male,10
509,04-01-2024,Female,17
513,04-01-2024,Male,4
513,04-01-2024,Female,15
507,04-01-2024,Male,4
507,04-01-2024,Female,9
508,04-01-2024,Male,2
508,04-01-2024,Female,5
512,04-01-2024,Male,8
512,04-01-2024,Female,8
515,04-01-2024,Male,4
515,04-01-2024,Female,13
510,04-01-2024,Male,7
510,04-01-2024,Female,17
505,04-01-2024,Male,1
505,04-01-2024,Female,6
514,04-01-2024,Male,3
514,04-01-2024,Female,13
503,04-01-2024,Male,4
503,04-01-2024,Female,8
501,04-01-2024,Male,5
501,04-01-2024,Female,14
502,04-01-2024,Male,0
502,04-01-2024,Female,0
335,04-01-2024,Male,5
335,04-01-2024,Female,12
323,04-01-2024,Male,5
323,04-01-2024,Female,17
326,04-01-2024,Male,3
326,04-01-2024,Female,22
327,04-01-2024,Male,3
327,04-01-2024,Female,19
333,04-01-2024,Male,13
333,04-01-2024,Female,41
338,04-01-2024,Male,1
338,04-01-2024,Female,62
328,04-01-2024,Male,4
328,04-01-2024,Female,29
337,04-01-2024,Male,4
337,04-01-2024,Female,30
324,04-01-2024,Male,11
324,04-01-2024,Female,34
332,04-01-2024,Male,2
332,04-01-2024,Female,22
329,04-01-2024,Male,0
329,04-01-2024,Female,10
336,04-01-2024,Male,5
336,04-01-2024,Female,19
330,04-01-2024,Male,0
330,04-01-2024,Female,20
334,04-01-2024,Male,4
334,04-01-2024,Female,32
331,04-01-2024,Male,3
331,04-01-2024,Female,21
325,04-01-2024,Male,2
325,04-01-2024,Female,51
477,04-01-2024,Male,6
477,04-01-2024,Female,52
478,04-01-2024,Male,0
478,04-01-2024,Female,0
471,04-01-2024,Male,4
471,04-01-2024,Female,16
472,04-01-2024,Male,1
472,04-01-2024,Female,17
479,04-01-2024,Male,7
479,04-01-2024,Female,16
476,04-01-2024,Male,1
476,04-01-2024,Female,1
469,04-01-2024,Male,1
469,04-01-2024,Female,17
470,04-01-2024,Male,3
470,04-01-2024,Female,17
480,04-01-2024,Male,4
480,04-01-2024,Female,15
473,04-01-2024,Male,4
473,04-01-2024,Female,10
475,04-01-2024,Male,5
475,04-01-2024,Female,28
468,04-01-2024,Male,4
468,04-01-2024,Female,17
474,04-01-2024,Male,1
474,04-01-2024,Female,16
986,04-01-2024,Male,5
986,04-01-2024,Female,5
992,04-01-2024,Male,2
992,04-01-2024,Female,12
988,04-01-2024,Male,2
988,04-01-2024,Female,23
985,04-01-2024,Male,2
985,04-01-2024,Female,59
983,04-01-2024,Male,3
983,04-01-2024,Female,14
989,04-01-2024,Male,4
989,04-01-2024,Female,19
984,04-01-2024,Male,6
984,04-01-2024,Female,43
991,04-01-2024,Male,0
991,04-01-2024,Female,21
990,04-01-2024,Male,1
990,04-01-2024,Female,17
987,04-01-2024,Male,1
987,04-01-2024,Female,12
993,04-01-2024,Male,0
993,04-01-2024,Female,14
792,04-01-2024,Male,7
792,04-01-2024,Female,46
790,04-01-2024,Male,1
790,04-01-2024,Female,51
802,04-01-2024,Male,2
802,04-01-2024,Female,47
789,04-01-2024,Male,2
789,04-01-2024,Female,52
803,04-01-2024,Male,2
803,04-01-2024,Female,49
793,04-01-2024,Male,6
793,04-01-2024,Female,46
797,04-01-2024,Male,3
797,04-01-2024,Female,48
795,04-01-2024,Male,3
795,04-01-2024,Female,47
804,04-01-2024,Male,4
804,04-01-2024,Female,49
800,04-01-2024,Male,3
800,04-01-2024,Female,37
801,04-01-2024,Male,2
801,04-01-2024,Female,48
791,04-01-2024,Male,5
791,04-01-2024,Female,48
796,04-01-2024,Male,2
796,04-01-2024,Female,36
794,04-01-2024,Male,20
794,04-01-2024,Female,37
798,04-01-2024,Male,2
798,04-01-2024,Female,63
799,04-01-2024,Male,4
799,04-01-2024,Female,37
108,04-01-2024,Male,6
108,04-01-2024,Female,48
879,04-01-2024,Male,6
879,04-01-2024,Female,45
878,04-01-2024,Male,3
878,04-01-2024,Female,36
882,04-01-2024,Male,5
882,04-01-2024,Female,41
881,04-01-2024,Male,1
881,04-01-2024,Female,62
880,04-01-2024,Male,1
880,04-01-2024,Female,13
722,04-01-2024,Male,5
722,04-01-2024,Female,16
720,04-01-2024,Male,5
720,04-01-2024,Female,32
723,04-01-2024,Male,1
723,04-01-2024,Female,31
716,04-01-2024,Male,5
716,04-01-2024,Female,16
719,04-01-2024,Male,2
719,04-01-2024,Female,13
717,04-01-2024,Male,2
717,04-01-2024,Female,26
714,04-01-2024,Male,5
714,04-01-2024,Female,18
718,04-01-2024,Male,4
718,04-01-2024,Female,32
721,04-01-2024,Male,7
721,04-01-2024,Female,21
715,04-01-2024,Male,2
715,04-01-2024,Female,11
63,04-01-2024,Male,7
63,04-01-2024,Female,29
62,04-01-2024,Male,5
62,04-01-2024,Female,28
65,04-01-2024,Male,7
65,04-01-2024,Female,29
66,04-01-2024,Male,7
66,04-01-2024,Female,28
60,04-01-2024,Male,10
60,04-01-2024,Female,10
64,04-01-2024,Male,12
64,04-01-2024,Female,18
61,04-01-2024,Male,7
61,04-01-2024,Female,13
58,04-01-2024,Male,7
58,04-01-2024,Female,15
57,04-01-2024,Male,8
57,04-01-2024,Female,31
67,04-01-2024,Male,6
67,04-01-2024,Female,19
59,04-01-2024,Male,7
59,04-01-2024,Female,3
106,04-01-2024,Male,11
106,04-01-2024,Female,17
103,04-01-2024,Male,7
103,04-01-2024,Female,9
100,04-01-2024,Male,4
100,04-01-2024,Female,9
102,04-01-2024,Male,7
102,04-01-2024,Female,5
107,04-01-2024,Male,0
107,04-01-2024,Female,0
101,04-01-2024,Male,9
101,04-01-2024,Female,5
104,04-01-2024,Male,7
104,04-01-2024,Female,3
105,04-01-2024,Male,4
105,04-01-2024,Female,0
256,04-01-2024,Male,10
256,04-01-2024,Female,10
250,04-01-2024,Male,7
250,04-01-2024,Female,15
253,04-01-2024,Male,15
253,04-01-2024,Female,10
252,04-01-2024,Male,2
252,04-01-2024,Female,7
251,04-01-2024,Male,12
251,04-01-2024,Female,14
255,04-01-2024,Male,12
255,04-01-2024,Female,9
257,04-01-2024,Male,2
257,04-01-2024,Female,12
258,04-01-2024,Male,0
258,04-01-2024,Female,0
254,04-01-2024,Male,11
254,04-01-2024,Female,6
