school_id,class,timestamp,gender,population
21,JSS1,12-01-2023,Male,0
21,JSS2,12-01-2023,Male,0
21,JSS3,12-01-2023,Male,0
21,SSS1,12-01-2023,Male,0
21,SSS2,12-01-2023,Male,0
21,SSS3,12-01-2023,Male,0
21,JSS1,12-01-2023,Female,199
21,JSS2,12-01-2023,Female,141
21,JSS3,12-01-2023,Female,133
21,SSS1,12-01-2023,Female,106
21,SSS2,12-01-2023,Female,89
21,SSS3,12-01-2023,Female,87
14,JSS1,12-01-2023,Male,0
14,JSS2,12-01-2023,Male,0
14,JSS3,12-01-2023,Male,0
14,SSS1,12-01-2023,Male,0
14,SSS2,12-01-2023,Male,0
14,SSS3,12-01-2023,Male,0
14,JSS1,12-01-2023,Female,96
14,JSS2,12-01-2023,Female,102
14,JSS3,12-01-2023,Female,115
14,SSS1,12-01-2023,Female,130
14,SSS2,12-01-2023,Female,131
14,SSS3,12-01-2023,Female,120
12,JSS1,12-01-2023,Male,182
12,JSS2,12-01-2023,Male,146
12,JSS3,12-01-2023,Male,140
12,SSS1,12-01-2023,Male,116
12,SSS2,12-01-2023,Male,125
12,SSS3,12-01-2023,Male,100
12,JSS1,12-01-2023,Female,135
12,JSS2,12-01-2023,Female,123
12,JSS3,12-01-2023,Female,96
12,SSS1,12-01-2023,Female,114
12,SSS2,12-01-2023,Female,113
12,SSS3,12-01-2023,Female,84
1,JSS1,12-01-2023,Male,39
1,JSS2,12-01-2023,Male,29
1,JSS3,12-01-2023,Male,38
1,SSS1,12-01-2023,Male,32
1,SSS2,12-01-2023,Male,23
1,SSS3,12-01-2023,Male,42
1,JSS1,12-01-2023,Female,0
1,JSS2,12-01-2023,Female,0
1,JSS3,12-01-2023,Female,0
1,SSS1,12-01-2023,Female,0
1,SSS2,12-01-2023,Female,0
1,SSS3,12-01-2023,Female,0
15,JSS1,12-01-2023,Male,0
15,JSS2,12-01-2023,Male,0
15,JSS3,12-01-2023,Male,0
15,SSS1,12-01-2023,Male,0
15,SSS2,12-01-2023,Male,0
15,SSS3,12-01-2023,Male,0
15,JSS1,12-01-2023,Female,67
15,JSS2,12-01-2023,Female,50
15,JSS3,12-01-2023,Female,68
15,SSS1,12-01-2023,Female,38
15,SSS2,12-01-2023,Female,63
15,SSS3,12-01-2023,Female,44
19,JSS1,12-01-2023,Male,80
19,JSS2,12-01-2023,Male,47
19,JSS3,12-01-2023,Male,49
19,SSS1,12-01-2023,Male,32
19,SSS2,12-01-2023,Male,31
19,SSS3,12-01-2023,Male,34
19,JSS1,12-01-2023,Female,0
19,JSS2,12-01-2023,Female,0
19,JSS3,12-01-2023,Female,0
19,SSS1,12-01-2023,Female,0
19,SSS2,12-01-2023,Female,0
19,SSS3,12-01-2023,Female,0
11,JSS1,12-01-2023,Male,35
11,JSS2,12-01-2023,Male,20
11,JSS3,12-01-2023,Male,23
11,SSS1,12-01-2023,Male,18
11,SSS2,12-01-2023,Male,8
11,SSS3,12-01-2023,Male,16
11,JSS1,12-01-2023,Female,20
11,JSS2,12-01-2023,Female,14
11,JSS3,12-01-2023,Female,13
11,SSS1,12-01-2023,Female,9
11,SSS2,12-01-2023,Female,15
11,SSS3,12-01-2023,Female,10
17,JSS1,12-01-2023,Male,20
17,JSS2,12-01-2023,Male,18
17,JSS3,12-01-2023,Male,14
17,SSS1,12-01-2023,Male,11
17,SSS2,12-01-2023,Male,11
17,SSS3,12-01-2023,Male,10
17,JSS1,12-01-2023,Female,17
17,JSS2,12-01-2023,Female,17
17,JSS3,12-01-2023,Female,25
17,SSS1,12-01-2023,Female,13
17,SSS2,12-01-2023,Female,14
17,SSS3,12-01-2023,Female,14
8,JSS1,12-01-2023,Male,20
8,JSS2,12-01-2023,Male,17
8,JSS3,12-01-2023,Male,23
8,SSS1,12-01-2023,Male,21
8,SSS2,12-01-2023,Male,9
8,SSS3,12-01-2023,Male,12
8,JSS1,12-01-2023,Female,42
8,JSS2,12-01-2023,Female,20
8,JSS3,12-01-2023,Female,33
8,SSS1,12-01-2023,Female,23
8,SSS2,12-01-2023,Female,12
8,SSS3,12-01-2023,Female,19
20,JSS1,12-01-2023,Male,9
20,JSS2,12-01-2023,Male,12
20,JSS3,12-01-2023,Male,14
20,SSS1,12-01-2023,Male,9
20,SSS2,12-01-2023,Male,5
20,SSS3,12-01-2023,Male,9
20,JSS1,12-01-2023,Female,9
20,JSS2,12-01-2023,Female,10
20,JSS3,12-01-2023,Female,5
20,SSS1,12-01-2023,Female,4
20,SSS2,12-01-2023,Female,5
20,SSS3,12-01-2023,Female,3
16,JSS1,12-01-2023,Male,114
16,JSS2,12-01-2023,Male,187
16,JSS3,12-01-2023,Male,182
16,SSS1,12-01-2023,Male,118
16,SSS2,12-01-2023,Male,155
16,SSS3,12-01-2023,Male,74
16,JSS1,12-01-2023,Female,24
16,JSS2,12-01-2023,Female,20
16,JSS3,12-01-2023,Female,23
16,SSS1,12-01-2023,Female,35
16,SSS2,12-01-2023,Female,21
16,SSS3,12-01-2023,Female,13
18,JSS1,12-01-2023,Male,82
18,JSS2,12-01-2023,Male,60
18,JSS3,12-01-2023,Male,64
18,SSS1,12-01-2023,Male,69
18,SSS2,12-01-2023,Male,73
18,SSS3,12-01-2023,Male,49
18,JSS1,12-01-2023,Female,54
18,JSS2,12-01-2023,Female,44
18,JSS3,12-01-2023,Female,58
18,SSS1,12-01-2023,Female,47
18,SSS2,12-01-2023,Female,48
18,SSS3,12-01-2023,Female,49
9,JSS1,12-01-2023,Male,12
9,JSS2,12-01-2023,Male,25
9,JSS3,12-01-2023,Male,17
9,SSS1,12-01-2023,Male,17
9,SSS2,12-01-2023,Male,12
9,SSS3,12-01-2023,Male,14
9,JSS1,12-01-2023,Female,32
9,JSS2,12-01-2023,Female,29
9,JSS3,12-01-2023,Female,18
9,SSS1,12-01-2023,Female,17
9,SSS2,12-01-2023,Female,18
9,SSS3,12-01-2023,Female,14
10,JSS1,12-01-2023,Male,26
10,JSS2,12-01-2023,Male,11
10,JSS3,12-01-2023,Male,11
10,SSS1,12-01-2023,Male,10
10,SSS2,12-01-2023,Male,10
10,SSS3,12-01-2023,Male,11
10,JSS1,12-01-2023,Female,20
10,JSS2,12-01-2023,Female,11
10,JSS3,12-01-2023,Female,20
10,SSS1,12-01-2023,Female,17
10,SSS2,12-01-2023,Female,9
10,SSS3,12-01-2023,Female,11
7,JSS1,12-01-2023,Male,19
7,JSS2,12-01-2023,Male,19
7,JSS3,12-01-2023,Male,17
7,SSS1,12-01-2023,Male,18
7,SSS2,12-01-2023,Male,17
7,SSS3,12-01-2023,Male,19
7,JSS1,12-01-2023,Female,12
7,JSS2,12-01-2023,Female,13
7,JSS3,12-01-2023,Female,10
7,SSS1,12-01-2023,Female,9
7,SSS2,12-01-2023,Female,8
7,SSS3,12-01-2023,Female,12
5,JSS1,12-01-2023,Male,48
5,JSS2,12-01-2023,Male,21
5,JSS3,12-01-2023,Male,17
5,SSS1,12-01-2023,Male,19
5,SSS2,12-01-2023,Male,11
5,SSS3,12-01-2023,Male,3
5,JSS1,12-01-2023,Female,22
5,JSS2,12-01-2023,Female,8
5,JSS3,12-01-2023,Female,22
5,SSS1,12-01-2023,Female,11
5,SSS2,12-01-2023,Female,8
5,SSS3,12-01-2023,Female,7
6,JSS1,12-01-2023,Male,33
6,JSS2,12-01-2023,Male,34
6,JSS3,12-01-2023,Male,21
6,SSS1,12-01-2023,Male,7
6,SSS2,12-01-2023,Male,11
6,SSS3,12-01-2023,Male,12
6,JSS1,12-01-2023,Female,20
6,JSS2,12-01-2023,Female,17
6,JSS3,12-01-2023,Female,29
6,SSS1,12-01-2023,Female,10
6,SSS2,12-01-2023,Female,9
6,SSS3,12-01-2023,Female,10
2,JSS1,12-01-2023,Male,42
2,JSS2,12-01-2023,Male,55
2,JSS3,12-01-2023,Male,39
2,SSS1,12-01-2023,Male,26
2,SSS2,12-01-2023,Male,36
2,SSS3,12-01-2023,Male,32
2,JSS1,12-01-2023,Female,48
2,JSS2,12-01-2023,Female,76
2,JSS3,12-01-2023,Female,87
2,SSS1,12-01-2023,Female,62
2,SSS2,12-01-2023,Female,60
2,SSS3,12-01-2023,Female,64
4,JSS1,12-01-2023,Male,60
4,JSS2,12-01-2023,Male,65
4,JSS3,12-01-2023,Male,52
4,SSS1,12-01-2023,Male,45
4,SSS2,12-01-2023,Male,9
4,SSS3,12-01-2023,Male,27
4,JSS1,12-01-2023,Female,28
4,JSS2,12-01-2023,Female,20
4,JSS3,12-01-2023,Female,16
4,SSS1,12-01-2023,Female,14
4,SSS2,12-01-2023,Female,42
4,SSS3,12-01-2023,Female,7
3,JSS1,12-01-2023,Male,7
3,JSS2,12-01-2023,Male,6
3,JSS3,12-01-2023,Male,2
3,SSS1,12-01-2023,Male,5
3,SSS2,12-01-2023,Male,5
3,SSS3,12-01-2023,Male,8
3,JSS1,12-01-2023,Female,6
3,JSS2,12-01-2023,Female,3
3,JSS3,12-01-2023,Female,0
3,SSS1,12-01-2023,Female,1
3,SSS2,12-01-2023,Female,8
3,SSS3,12-01-2023,Female,13
13,JSS1,12-01-2023,Male,19
13,JSS2,12-01-2023,Male,13
13,JSS3,12-01-2023,Male,15
13,SSS1,12-01-2023,Male,8
13,SSS2,12-01-2023,Male,17
13,SSS3,12-01-2023,Male,7
13,JSS1,12-01-2023,Female,10
13,JSS2,12-01-2023,Female,17
13,JSS3,12-01-2023,Female,10
13,SSS1,12-01-2023,Female,14
13,SSS2,12-01-2023,Female,8
13,SSS3,12-01-2023,Female,23
920,JSS1,12-01-2023,Male,89
920,JSS2,12-01-2023,Male,53
920,JSS3,12-01-2023,Male,41
920,SSS1,12-01-2023,Male,48
920,SSS2,12-01-2023,Male,46
920,SSS3,12-01-2023,Male,36
920,JSS1,12-01-2023,Female,107
920,JSS2,12-01-2023,Female,89
920,JSS3,12-01-2023,Female,126
920,SSS1,12-01-2023,Female,114
920,SSS2,12-01-2023,Female,80
920,SSS3,12-01-2023,Female,65
924,JSS1,12-01-2023,Male,39
924,JSS2,12-01-2023,Male,21
924,JSS3,12-01-2023,Male,16
924,SSS1,12-01-2023,Male,11
924,SSS2,12-01-2023,Male,9
924,SSS3,12-01-2023,Male,10
924,JSS1,12-01-2023,Female,35
924,JSS2,12-01-2023,Female,21
924,JSS3,12-01-2023,Female,15
924,SSS1,12-01-2023,Female,15
924,SSS2,12-01-2023,Female,10
924,SSS3,12-01-2023,Female,9
926,JSS1,12-01-2023,Male,86
926,JSS2,12-01-2023,Male,50
926,JSS3,12-01-2023,Male,73
926,SSS1,12-01-2023,Male,72
926,SSS2,12-01-2023,Male,51
926,SSS3,12-01-2023,Male,42
926,JSS1,12-01-2023,Female,93
926,JSS2,12-01-2023,Female,66
926,JSS3,12-01-2023,Female,75
926,SSS1,12-01-2023,Female,89
926,SSS2,12-01-2023,Female,71
926,SSS3,12-01-2023,Female,51
925,JSS1,12-01-2023,Male,11
925,JSS2,12-01-2023,Male,13
925,JSS3,12-01-2023,Male,14
925,SSS1,12-01-2023,Male,14
925,SSS2,12-01-2023,Male,13
925,SSS3,12-01-2023,Male,4
925,JSS1,12-01-2023,Female,19
925,JSS2,12-01-2023,Female,19
925,JSS3,12-01-2023,Female,13
925,SSS1,12-01-2023,Female,12
925,SSS2,12-01-2023,Female,9
925,SSS3,12-01-2023,Female,16
918,JSS1,12-01-2023,Male,35
918,JSS2,12-01-2023,Male,25
918,JSS3,12-01-2023,Male,27
918,SSS1,12-01-2023,Male,25
918,SSS2,12-01-2023,Male,48
918,SSS3,12-01-2023,Male,28
918,JSS1,12-01-2023,Female,33
918,JSS2,12-01-2023,Female,26
918,JSS3,12-01-2023,Female,43
918,SSS1,12-01-2023,Female,36
918,SSS2,12-01-2023,Female,41
918,SSS3,12-01-2023,Female,21
927,JSS1,12-01-2023,Male,17
927,JSS2,12-01-2023,Male,27
927,JSS3,12-01-2023,Male,37
927,SSS1,12-01-2023,Male,13
927,SSS2,12-01-2023,Male,23
927,SSS3,12-01-2023,Male,34
927,JSS1,12-01-2023,Female,14
927,JSS2,12-01-2023,Female,18
927,JSS3,12-01-2023,Female,19
927,SSS1,12-01-2023,Female,24
927,SSS2,12-01-2023,Female,14
927,SSS3,12-01-2023,Female,18
923,JSS1,12-01-2023,Male,20
923,JSS2,12-01-2023,Male,15
923,JSS3,12-01-2023,Male,20
923,SSS1,12-01-2023,Male,20
923,SSS2,12-01-2023,Male,28
923,SSS3,12-01-2023,Male,25
923,JSS1,12-01-2023,Female,26
923,JSS2,12-01-2023,Female,16
923,JSS3,12-01-2023,Female,34
923,SSS1,12-01-2023,Female,25
923,SSS2,12-01-2023,Female,26
923,SSS3,12-01-2023,Female,13
929,JSS1,12-01-2023,Male,59
929,JSS2,12-01-2023,Male,52
929,JSS3,12-01-2023,Male,29
929,SSS1,12-01-2023,Male,12
929,SSS2,12-01-2023,Male,19
929,SSS3,12-01-2023,Male,16
929,JSS1,12-01-2023,Female,40
929,JSS2,12-01-2023,Female,35
929,JSS3,12-01-2023,Female,32
929,SSS1,12-01-2023,Female,7
929,SSS2,12-01-2023,Female,23
929,SSS3,12-01-2023,Female,15
921,JSS1,12-01-2023,Male,14
921,JSS2,12-01-2023,Male,19
921,JSS3,12-01-2023,Male,14
921,SSS1,12-01-2023,Male,13
921,SSS2,12-01-2023,Male,14
921,SSS3,12-01-2023,Male,3
921,JSS1,12-01-2023,Female,25
921,JSS2,12-01-2023,Female,21
921,JSS3,12-01-2023,Female,14
921,SSS1,12-01-2023,Female,15
921,SSS2,12-01-2023,Female,12
921,SSS3,12-01-2023,Female,11
916,JSS1,12-01-2023,Male,10
916,JSS2,12-01-2023,Male,9
916,JSS3,12-01-2023,Male,8
916,SSS1,12-01-2023,Male,4
916,SSS2,12-01-2023,Male,5
916,SSS3,12-01-2023,Male,4
916,JSS1,12-01-2023,Female,5
916,JSS2,12-01-2023,Female,6
916,JSS3,12-01-2023,Female,6
916,SSS1,12-01-2023,Female,7
916,SSS2,12-01-2023,Female,7
916,SSS3,12-01-2023,Female,0
919,JSS1,12-01-2023,Male,39
919,JSS2,12-01-2023,Male,23
919,JSS3,12-01-2023,Male,35
919,SSS1,12-01-2023,Male,34
919,SSS2,12-01-2023,Male,19
919,SSS3,12-01-2023,Male,30
919,JSS1,12-01-2023,Female,32
919,JSS2,12-01-2023,Female,16
919,JSS3,12-01-2023,Female,30
919,SSS1,12-01-2023,Female,19
919,SSS2,12-01-2023,Female,23
919,SSS3,12-01-2023,Female,23
928,JSS1,12-01-2023,Male,11
928,JSS2,12-01-2023,Male,13
928,JSS3,12-01-2023,Male,13
928,SSS1,12-01-2023,Male,19
928,SSS2,12-01-2023,Male,12
928,SSS3,12-01-2023,Male,9
928,JSS1,12-01-2023,Female,17
928,JSS2,12-01-2023,Female,5
928,JSS3,12-01-2023,Female,18
928,SSS1,12-01-2023,Female,15
928,SSS2,12-01-2023,Female,12
928,SSS3,12-01-2023,Female,12
922,JSS1,12-01-2023,Male,22
922,JSS2,12-01-2023,Male,18
922,JSS3,12-01-2023,Male,14
922,SSS1,12-01-2023,Male,9
922,SSS2,12-01-2023,Male,14
922,SSS3,12-01-2023,Male,8
922,JSS1,12-01-2023,Female,23
922,JSS2,12-01-2023,Female,11
922,JSS3,12-01-2023,Female,11
922,SSS1,12-01-2023,Female,17
922,SSS2,12-01-2023,Female,7
922,SSS3,12-01-2023,Female,8
917,JSS1,12-01-2023,Male,4
917,JSS2,12-01-2023,Male,6
917,JSS3,12-01-2023,Male,2
917,SSS1,12-01-2023,Male,3
917,SSS2,12-01-2023,Male,2
917,SSS3,12-01-2023,Male,0
917,JSS1,12-01-2023,Female,3
917,JSS2,12-01-2023,Female,6
917,JSS3,12-01-2023,Female,4
917,SSS1,12-01-2023,Female,0
917,SSS2,12-01-2023,Female,1
917,SSS3,12-01-2023,Female,0
930,JSS1,12-01-2023,Male,3
930,JSS2,12-01-2023,Male,5
930,JSS3,12-01-2023,Male,2
930,SSS1,12-01-2023,Male,1
930,SSS2,12-01-2023,Male,2
930,SSS3,12-01-2023,Male,4
930,JSS1,12-01-2023,Female,7
930,JSS2,12-01-2023,Female,4
930,JSS3,12-01-2023,Female,9
930,SSS1,12-01-2023,Female,2
930,SSS2,12-01-2023,Female,6
930,SSS3,12-01-2023,Female,3
931,JSS1,12-01-2023,Male,1
931,JSS2,12-01-2023,Male,2
931,JSS3,12-01-2023,Male,2
931,SSS1,12-01-2023,Male,3
931,SSS2,12-01-2023,Male,2
931,SSS3,12-01-2023,Male,0
931,JSS1,12-01-2023,Female,1
931,JSS2,12-01-2023,Female,0
931,JSS3,12-01-2023,Female,4
931,SSS1,12-01-2023,Female,5
931,SSS2,12-01-2023,Female,2
931,SSS3,12-01-2023,Female,0
947,JSS1,12-01-2023,Male,50
947,JSS2,12-01-2023,Male,34
947,JSS3,12-01-2023,Male,30
947,SSS1,12-01-2023,Male,41
947,SSS2,12-01-2023,Male,33
947,SSS3,12-01-2023,Male,43
947,JSS1,12-01-2023,Female,80
947,JSS2,12-01-2023,Female,78
947,JSS3,12-01-2023,Female,63
947,SSS1,12-01-2023,Female,80
947,SSS2,12-01-2023,Female,75
947,SSS3,12-01-2023,Female,88
950,JSS1,12-01-2023,Male,39
950,JSS2,12-01-2023,Male,35
950,JSS3,12-01-2023,Male,34
950,SSS1,12-01-2023,Male,31
950,SSS2,12-01-2023,Male,21
950,SSS3,12-01-2023,Male,40
950,JSS1,12-01-2023,Female,50
950,JSS2,12-01-2023,Female,52
950,JSS3,12-01-2023,Female,49
950,SSS1,12-01-2023,Female,44
950,SSS2,12-01-2023,Female,49
950,SSS3,12-01-2023,Female,56
955,JSS1,12-01-2023,Male,170
955,JSS2,12-01-2023,Male,142
955,JSS3,12-01-2023,Male,122
955,SSS1,12-01-2023,Male,78
955,SSS2,12-01-2023,Male,106
955,SSS3,12-01-2023,Male,49
955,JSS1,12-01-2023,Female,64
955,JSS2,12-01-2023,Female,55
955,JSS3,12-01-2023,Female,44
955,SSS1,12-01-2023,Female,33
955,SSS2,12-01-2023,Female,5
955,SSS3,12-01-2023,Female,22
952,JSS1,12-01-2023,Male,33
952,JSS2,12-01-2023,Male,33
952,JSS3,12-01-2023,Male,30
952,SSS1,12-01-2023,Male,19
952,SSS2,12-01-2023,Male,23
952,SSS3,12-01-2023,Male,33
952,JSS1,12-01-2023,Female,30
952,JSS2,12-01-2023,Female,32
952,JSS3,12-01-2023,Female,23
952,SSS1,12-01-2023,Female,31
952,SSS2,12-01-2023,Female,35
952,SSS3,12-01-2023,Female,37
949,JSS1,12-01-2023,Male,34
949,JSS2,12-01-2023,Male,38
949,JSS3,12-01-2023,Male,36
949,SSS1,12-01-2023,Male,31
949,SSS2,12-01-2023,Male,39
949,SSS3,12-01-2023,Male,43
949,JSS1,12-01-2023,Female,35
949,JSS2,12-01-2023,Female,45
949,JSS3,12-01-2023,Female,34
949,SSS1,12-01-2023,Female,51
949,SSS2,12-01-2023,Female,43
949,SSS3,12-01-2023,Female,42
956,JSS1,12-01-2023,Male,12
956,JSS2,12-01-2023,Male,17
956,JSS3,12-01-2023,Male,13
956,SSS1,12-01-2023,Male,18
956,SSS2,12-01-2023,Male,14
956,SSS3,12-01-2023,Male,20
956,JSS1,12-01-2023,Female,23
956,JSS2,12-01-2023,Female,14
956,JSS3,12-01-2023,Female,18
956,SSS1,12-01-2023,Female,18
956,SSS2,12-01-2023,Female,19
956,SSS3,12-01-2023,Female,30
960,JSS1,12-01-2023,Male,18
960,JSS2,12-01-2023,Male,16
960,JSS3,12-01-2023,Male,23
960,SSS1,12-01-2023,Male,14
960,SSS2,12-01-2023,Male,12
960,SSS3,12-01-2023,Male,18
960,JSS1,12-01-2023,Female,18
960,JSS2,12-01-2023,Female,23
960,JSS3,12-01-2023,Female,20
960,SSS1,12-01-2023,Female,19
960,SSS2,12-01-2023,Female,17
960,SSS3,12-01-2023,Female,22
957,JSS1,12-01-2023,Male,18
957,JSS2,12-01-2023,Male,22
957,JSS3,12-01-2023,Male,15
957,SSS1,12-01-2023,Male,18
957,SSS2,12-01-2023,Male,18
957,SSS3,12-01-2023,Male,22
957,JSS1,12-01-2023,Female,19
957,JSS2,12-01-2023,Female,16
957,JSS3,12-01-2023,Female,18
957,SSS1,12-01-2023,Female,20
957,SSS2,12-01-2023,Female,23
957,SSS3,12-01-2023,Female,16
954,JSS1,12-01-2023,Male,16
954,JSS2,12-01-2023,Male,20
954,JSS3,12-01-2023,Male,10
954,SSS1,12-01-2023,Male,16
954,SSS2,12-01-2023,Male,10
954,SSS3,12-01-2023,Male,10
954,JSS1,12-01-2023,Female,14
954,JSS2,12-01-2023,Female,22
954,JSS3,12-01-2023,Female,18
954,SSS1,12-01-2023,Female,3
954,SSS2,12-01-2023,Female,17
954,SSS3,12-01-2023,Female,14
958,JSS1,12-01-2023,Male,11
958,JSS2,12-01-2023,Male,7
958,JSS3,12-01-2023,Male,3
958,SSS1,12-01-2023,Male,5
958,SSS2,12-01-2023,Male,1
958,SSS3,12-01-2023,Male,14
958,JSS1,12-01-2023,Female,1
958,JSS2,12-01-2023,Female,4
958,JSS3,12-01-2023,Female,5
958,SSS1,12-01-2023,Female,9
958,SSS2,12-01-2023,Female,3
958,SSS3,12-01-2023,Female,12
953,JSS1,12-01-2023,Male,23
953,JSS2,12-01-2023,Male,19
953,JSS3,12-01-2023,Male,23
953,SSS1,12-01-2023,Male,15
953,SSS2,12-01-2023,Male,20
953,SSS3,12-01-2023,Male,17
953,JSS1,12-01-2023,Female,24
953,JSS2,12-01-2023,Female,31
953,JSS3,12-01-2023,Female,18
953,SSS1,12-01-2023,Female,32
953,SSS2,12-01-2023,Female,18
953,SSS3,12-01-2023,Female,9
951,JSS1,12-01-2023,Male,45
951,JSS2,12-01-2023,Male,42
951,JSS3,12-01-2023,Male,47
951,SSS1,12-01-2023,Male,27
951,SSS2,12-01-2023,Male,21
951,SSS3,12-01-2023,Male,20
951,JSS1,12-01-2023,Female,35
951,JSS2,12-01-2023,Female,31
951,JSS3,12-01-2023,Female,37
951,SSS1,12-01-2023,Female,33
951,SSS2,12-01-2023,Female,40
951,SSS3,12-01-2023,Female,32
959,JSS1,12-01-2023,Male,25
959,JSS2,12-01-2023,Male,26
959,JSS3,12-01-2023,Male,19
959,SSS1,12-01-2023,Male,11
959,SSS2,12-01-2023,Male,15
959,SSS3,12-01-2023,Male,8
959,JSS1,12-01-2023,Female,24
959,JSS2,12-01-2023,Female,31
959,JSS3,12-01-2023,Female,25
959,SSS1,12-01-2023,Female,18
959,SSS2,12-01-2023,Female,15
959,SSS3,12-01-2023,Female,17
948,JSS1,12-01-2023,Male,4
948,JSS2,12-01-2023,Male,3
948,JSS3,12-01-2023,Male,6
948,SSS1,12-01-2023,Male,13
948,SSS2,12-01-2023,Male,6
948,SSS3,12-01-2023,Male,7
948,JSS1,12-01-2023,Female,5
948,JSS2,12-01-2023,Female,7
948,JSS3,12-01-2023,Female,6
948,SSS1,12-01-2023,Female,2
948,SSS2,12-01-2023,Female,5
948,SSS3,12-01-2023,Female,1
1034,JSS1,12-01-2023,Male,21
1034,JSS2,12-01-2023,Male,22
1034,JSS3,12-01-2023,Male,33
1034,SSS1,12-01-2023,Male,10
1034,SSS2,12-01-2023,Male,0
1034,SSS3,12-01-2023,Male,0
1034,JSS1,12-01-2023,Female,31
1034,JSS2,12-01-2023,Female,23
1034,JSS3,12-01-2023,Female,21
1034,SSS1,12-01-2023,Female,25
1034,SSS2,12-01-2023,Female,0
1034,SSS3,12-01-2023,Female,0
129,JSS1,12-01-2023,Male,0
129,JSS2,12-01-2023,Male,0
129,JSS3,12-01-2023,Male,0
129,SSS1,12-01-2023,Male,0
129,SSS2,12-01-2023,Male,0
129,SSS3,12-01-2023,Male,0
129,JSS1,12-01-2023,Female,125
129,JSS2,12-01-2023,Female,103
129,JSS3,12-01-2023,Female,107
129,SSS1,12-01-2023,Female,129
129,SSS2,12-01-2023,Female,98
129,SSS3,12-01-2023,Female,93
124,JSS1,12-01-2023,Male,70
124,JSS2,12-01-2023,Male,76
124,JSS3,12-01-2023,Male,77
124,SSS1,12-01-2023,Male,43
124,SSS2,12-01-2023,Male,64
124,SSS3,12-01-2023,Male,52
124,JSS1,12-01-2023,Female,52
124,JSS2,12-01-2023,Female,71
124,JSS3,12-01-2023,Female,85
124,SSS1,12-01-2023,Female,52
124,SSS2,12-01-2023,Female,52
124,SSS3,12-01-2023,Female,53
126,JSS1,12-01-2023,Male,0
126,JSS2,12-01-2023,Male,0
126,JSS3,12-01-2023,Male,0
126,SSS1,12-01-2023,Male,0
126,SSS2,12-01-2023,Male,0
126,SSS3,12-01-2023,Male,0
126,JSS1,12-01-2023,Female,0
126,JSS2,12-01-2023,Female,0
126,JSS3,12-01-2023,Female,0
126,SSS1,12-01-2023,Female,253
126,SSS2,12-01-2023,Female,218
126,SSS3,12-01-2023,Female,180
123,JSS1,12-01-2023,Male,88
123,JSS2,12-01-2023,Male,93
123,JSS3,12-01-2023,Male,67
123,SSS1,12-01-2023,Male,74
123,SSS2,12-01-2023,Male,75
123,SSS3,12-01-2023,Male,49
123,JSS1,12-01-2023,Female,112
123,JSS2,12-01-2023,Female,90
123,JSS3,12-01-2023,Female,87
123,SSS1,12-01-2023,Female,76
123,SSS2,12-01-2023,Female,72
123,SSS3,12-01-2023,Female,43
122,JSS1,12-01-2023,Male,49
122,JSS2,12-01-2023,Male,53
122,JSS3,12-01-2023,Male,61
122,SSS1,12-01-2023,Male,42
122,SSS2,12-01-2023,Male,32
122,SSS3,12-01-2023,Male,30
122,JSS1,12-01-2023,Female,24
122,JSS2,12-01-2023,Female,40
122,JSS3,12-01-2023,Female,39
122,SSS1,12-01-2023,Female,42
122,SSS2,12-01-2023,Female,30
122,SSS3,12-01-2023,Female,32
119,JSS1,12-01-2023,Male,50
119,JSS2,12-01-2023,Male,38
119,JSS3,12-01-2023,Male,36
119,SSS1,12-01-2023,Male,41
119,SSS2,12-01-2023,Male,14
119,SSS3,12-01-2023,Male,23
119,JSS1,12-01-2023,Female,42
119,JSS2,12-01-2023,Female,30
119,JSS3,12-01-2023,Female,42
119,SSS1,12-01-2023,Female,29
119,SSS2,12-01-2023,Female,24
119,SSS3,12-01-2023,Female,20
116,JSS1,12-01-2023,Male,231
116,JSS2,12-01-2023,Male,184
116,JSS3,12-01-2023,Male,204
116,SSS1,12-01-2023,Male,190
116,SSS2,12-01-2023,Male,190
116,SSS3,12-01-2023,Male,138
116,JSS1,12-01-2023,Female,0
116,JSS2,12-01-2023,Female,0
116,JSS3,12-01-2023,Female,0
116,SSS1,12-01-2023,Female,0
116,SSS2,12-01-2023,Female,0
116,SSS3,12-01-2023,Female,0
121,JSS1,12-01-2023,Male,11
121,JSS2,12-01-2023,Male,33
121,JSS3,12-01-2023,Male,17
121,SSS1,12-01-2023,Male,16
121,SSS2,12-01-2023,Male,21
121,SSS3,12-01-2023,Male,22
121,JSS1,12-01-2023,Female,19
121,JSS2,12-01-2023,Female,23
121,JSS3,12-01-2023,Female,7
121,SSS1,12-01-2023,Female,14
121,SSS2,12-01-2023,Female,21
121,SSS3,12-01-2023,Female,26
127,JSS1,12-01-2023,Male,62
127,JSS2,12-01-2023,Male,52
127,JSS3,12-01-2023,Male,34
127,SSS1,12-01-2023,Male,36
127,SSS2,12-01-2023,Male,26
127,SSS3,12-01-2023,Male,22
127,JSS1,12-01-2023,Female,56
127,JSS2,12-01-2023,Female,43
127,JSS3,12-01-2023,Female,33
127,SSS1,12-01-2023,Female,32
127,SSS2,12-01-2023,Female,18
127,SSS3,12-01-2023,Female,20
130,JSS1,12-01-2023,Male,51
130,JSS2,12-01-2023,Male,62
130,JSS3,12-01-2023,Male,57
130,SSS1,12-01-2023,Male,43
130,SSS2,12-01-2023,Male,37
130,SSS3,12-01-2023,Male,38
130,JSS1,12-01-2023,Female,43
130,JSS2,12-01-2023,Female,50
130,JSS3,12-01-2023,Female,42
130,SSS1,12-01-2023,Female,53
130,SSS2,12-01-2023,Female,37
130,SSS3,12-01-2023,Female,50
118,JSS1,12-01-2023,Male,23
118,JSS2,12-01-2023,Male,20
118,JSS3,12-01-2023,Male,8
118,SSS1,12-01-2023,Male,14
118,SSS2,12-01-2023,Male,16
118,SSS3,12-01-2023,Male,20
118,JSS1,12-01-2023,Female,18
118,JSS2,12-01-2023,Female,12
118,JSS3,12-01-2023,Female,15
118,SSS1,12-01-2023,Female,11
118,SSS2,12-01-2023,Female,9
118,SSS3,12-01-2023,Female,14
117,JSS1,12-01-2023,Male,0
117,JSS2,12-01-2023,Male,0
117,JSS3,12-01-2023,Male,0
117,SSS1,12-01-2023,Male,0
117,SSS2,12-01-2023,Male,0
117,SSS3,12-01-2023,Male,0
117,JSS1,12-01-2023,Female,0
117,JSS2,12-01-2023,Female,0
117,JSS3,12-01-2023,Female,0
117,SSS1,12-01-2023,Female,0
117,SSS2,12-01-2023,Female,0
117,SSS3,12-01-2023,Female,0
115,JSS1,12-01-2023,Male,45
115,JSS2,12-01-2023,Male,45
115,JSS3,12-01-2023,Male,41
115,SSS1,12-01-2023,Male,28
115,SSS2,12-01-2023,Male,42
115,SSS3,12-01-2023,Male,24
115,JSS1,12-01-2023,Female,37
115,JSS2,12-01-2023,Female,34
115,JSS3,12-01-2023,Female,44
115,SSS1,12-01-2023,Female,29
115,SSS2,12-01-2023,Female,36
115,SSS3,12-01-2023,Female,14
125,JSS1,12-01-2023,Male,36
125,JSS2,12-01-2023,Male,25
125,JSS3,12-01-2023,Male,34
125,SSS1,12-01-2023,Male,22
125,SSS2,12-01-2023,Male,22
125,SSS3,12-01-2023,Male,14
125,JSS1,12-01-2023,Female,24
125,JSS2,12-01-2023,Female,33
125,JSS3,12-01-2023,Female,31
125,SSS1,12-01-2023,Female,26
125,SSS2,12-01-2023,Female,32
125,SSS3,12-01-2023,Female,13
120,JSS1,12-01-2023,Male,15
120,JSS2,12-01-2023,Male,14
120,JSS3,12-01-2023,Male,12
120,SSS1,12-01-2023,Male,10
120,SSS2,12-01-2023,Male,9
120,SSS3,12-01-2023,Male,21
120,JSS1,12-01-2023,Female,13
120,JSS2,12-01-2023,Female,6
120,JSS3,12-01-2023,Female,6
120,SSS1,12-01-2023,Female,13
120,SSS2,12-01-2023,Female,8
120,SSS3,12-01-2023,Female,17
128,JSS1,12-01-2023,Male,15
128,JSS2,12-01-2023,Male,26
128,JSS3,12-01-2023,Male,34
128,SSS1,12-01-2023,Male,19
128,SSS2,12-01-2023,Male,34
128,SSS3,12-01-2023,Male,22
128,JSS1,12-01-2023,Female,19
128,JSS2,12-01-2023,Female,34
128,JSS3,12-01-2023,Female,28
128,SSS1,12-01-2023,Female,12
128,SSS2,12-01-2023,Female,28
128,SSS3,12-01-2023,Female,23
142,JSS1,12-01-2023,Male,77
142,JSS2,12-01-2023,Male,91
142,JSS3,12-01-2023,Male,77
142,SSS1,12-01-2023,Male,50
142,SSS2,12-01-2023,Male,65
142,SSS3,12-01-2023,Male,49
142,JSS1,12-01-2023,Female,82
142,JSS2,12-01-2023,Female,80
142,JSS3,12-01-2023,Female,87
142,SSS1,12-01-2023,Female,65
142,SSS2,12-01-2023,Female,69
142,SSS3,12-01-2023,Female,46
146,JSS1,12-01-2023,Male,45
146,JSS2,12-01-2023,Male,48
146,JSS3,12-01-2023,Male,32
146,SSS1,12-01-2023,Male,34
146,SSS2,12-01-2023,Male,44
146,SSS3,12-01-2023,Male,25
146,JSS1,12-01-2023,Female,54
146,JSS2,12-01-2023,Female,64
146,JSS3,12-01-2023,Female,41
146,SSS1,12-01-2023,Female,67
146,SSS2,12-01-2023,Female,38
146,SSS3,12-01-2023,Female,27
145,JSS1,12-01-2023,Male,29
145,JSS2,12-01-2023,Male,19
145,JSS3,12-01-2023,Male,19
145,SSS1,12-01-2023,Male,8
145,SSS2,12-01-2023,Male,15
145,SSS3,12-01-2023,Male,16
145,JSS1,12-01-2023,Female,19
145,JSS2,12-01-2023,Female,22
145,JSS3,12-01-2023,Female,15
145,SSS1,12-01-2023,Female,12
145,SSS2,12-01-2023,Female,19
145,SSS3,12-01-2023,Female,24
147,JSS1,12-01-2023,Male,30
147,JSS2,12-01-2023,Male,32
147,JSS3,12-01-2023,Male,34
147,SSS1,12-01-2023,Male,17
147,SSS2,12-01-2023,Male,30
147,SSS3,12-01-2023,Male,36
147,JSS1,12-01-2023,Female,22
147,JSS2,12-01-2023,Female,20
147,JSS3,12-01-2023,Female,28
147,SSS1,12-01-2023,Female,28
147,SSS2,12-01-2023,Female,34
147,SSS3,12-01-2023,Female,36
141,JSS1,12-01-2023,Male,30
141,JSS2,12-01-2023,Male,19
141,JSS3,12-01-2023,Male,20
141,SSS1,12-01-2023,Male,6
141,SSS2,12-01-2023,Male,10
141,SSS3,12-01-2023,Male,15
141,JSS1,12-01-2023,Female,36
141,JSS2,12-01-2023,Female,34
141,JSS3,12-01-2023,Female,32
141,SSS1,12-01-2023,Female,14
141,SSS2,12-01-2023,Female,29
141,SSS3,12-01-2023,Female,25
143,JSS1,12-01-2023,Male,28
143,JSS2,12-01-2023,Male,27
143,JSS3,12-01-2023,Male,42
143,SSS1,12-01-2023,Male,17
143,SSS2,12-01-2023,Male,20
143,SSS3,12-01-2023,Male,22
143,JSS1,12-01-2023,Female,22
143,JSS2,12-01-2023,Female,28
143,JSS3,12-01-2023,Female,80
143,SSS1,12-01-2023,Female,22
143,SSS2,12-01-2023,Female,28
143,SSS3,12-01-2023,Female,36
148,JSS1,12-01-2023,Male,17
148,JSS2,12-01-2023,Male,16
148,JSS3,12-01-2023,Male,20
148,SSS1,12-01-2023,Male,15
148,SSS2,12-01-2023,Male,6
148,SSS3,12-01-2023,Male,13
148,JSS1,12-01-2023,Female,26
148,JSS2,12-01-2023,Female,5
148,JSS3,12-01-2023,Female,19
148,SSS1,12-01-2023,Female,6
148,SSS2,12-01-2023,Female,9
148,SSS3,12-01-2023,Female,16
1035,JSS1,12-01-2023,Male,14
1035,JSS2,12-01-2023,Male,23
1035,JSS3,12-01-2023,Male,13
1035,SSS1,12-01-2023,Male,13
1035,SSS2,12-01-2023,Male,8
1035,SSS3,12-01-2023,Male,8
1035,JSS1,12-01-2023,Female,12
1035,JSS2,12-01-2023,Female,10
1035,JSS3,12-01-2023,Female,13
1035,SSS1,12-01-2023,Female,12
1035,SSS2,12-01-2023,Female,17
1035,SSS3,12-01-2023,Female,4
1036,JSS1,12-01-2023,Male,10
1036,JSS2,12-01-2023,Male,8
1036,JSS3,12-01-2023,Male,9
1036,SSS1,12-01-2023,Male,7
1036,SSS2,12-01-2023,Male,9
1036,SSS3,12-01-2023,Male,3
1036,JSS1,12-01-2023,Female,12
1036,JSS2,12-01-2023,Female,12
1036,JSS3,12-01-2023,Female,5
1036,SSS1,12-01-2023,Female,5
1036,SSS2,12-01-2023,Female,6
1036,SSS3,12-01-2023,Female,2
144,JSS1,12-01-2023,Male,15
144,JSS2,12-01-2023,Male,20
144,JSS3,12-01-2023,Male,11
144,SSS1,12-01-2023,Male,9
144,SSS2,12-01-2023,Male,9
144,SSS3,12-01-2023,Male,12
144,JSS1,12-01-2023,Female,17
144,JSS2,12-01-2023,Female,15
144,JSS3,12-01-2023,Female,10
144,SSS1,12-01-2023,Female,5
144,SSS2,12-01-2023,Female,6
144,SSS3,12-01-2023,Female,9
178,JSS1,12-01-2023,Male,0
178,JSS2,12-01-2023,Male,0
178,JSS3,12-01-2023,Male,0
178,SSS1,12-01-2023,Male,0
178,SSS2,12-01-2023,Male,0
178,SSS3,12-01-2023,Male,0
178,JSS1,12-01-2023,Female,181
178,JSS2,12-01-2023,Female,263
178,JSS3,12-01-2023,Female,258
178,SSS1,12-01-2023,Female,192
178,SSS2,12-01-2023,Female,238
178,SSS3,12-01-2023,Female,191
175,JSS1,12-01-2023,Male,299
175,JSS2,12-01-2023,Male,203
175,JSS3,12-01-2023,Male,207
175,SSS1,12-01-2023,Male,209
175,SSS2,12-01-2023,Male,161
175,SSS3,12-01-2023,Male,130
175,JSS1,12-01-2023,Female,0
175,JSS2,12-01-2023,Female,0
175,JSS3,12-01-2023,Female,0
175,SSS1,12-01-2023,Female,0
175,SSS2,12-01-2023,Female,0
175,SSS3,12-01-2023,Female,0
173,JSS1,12-01-2023,Male,0
173,JSS2,12-01-2023,Male,0
173,JSS3,12-01-2023,Male,0
173,SSS1,12-01-2023,Male,0
173,SSS2,12-01-2023,Male,0
173,SSS3,12-01-2023,Male,0
173,JSS1,12-01-2023,Female,201
173,JSS2,12-01-2023,Female,181
173,JSS3,12-01-2023,Female,211
173,SSS1,12-01-2023,Female,209
173,SSS2,12-01-2023,Female,195
173,SSS3,12-01-2023,Female,208
169,JSS1,12-01-2023,Male,140
169,JSS2,12-01-2023,Male,154
169,JSS3,12-01-2023,Male,147
169,SSS1,12-01-2023,Male,159
169,SSS2,12-01-2023,Male,92
169,SSS3,12-01-2023,Male,85
169,JSS1,12-01-2023,Female,180
169,JSS2,12-01-2023,Female,156
169,JSS3,12-01-2023,Female,157
169,SSS1,12-01-2023,Female,154
169,SSS2,12-01-2023,Female,137
169,SSS3,12-01-2023,Female,114
163,JSS1,12-01-2023,Male,150
163,JSS2,12-01-2023,Male,150
163,JSS3,12-01-2023,Male,90
163,SSS1,12-01-2023,Male,150
163,SSS2,12-01-2023,Male,60
163,SSS3,12-01-2023,Male,50
163,JSS1,12-01-2023,Female,200
163,JSS2,12-01-2023,Female,174
163,JSS3,12-01-2023,Female,156
163,SSS1,12-01-2023,Female,200
163,SSS2,12-01-2023,Female,147
163,SSS3,12-01-2023,Female,80
176,JSS1,12-01-2023,Male,98
176,JSS2,12-01-2023,Male,80
176,JSS3,12-01-2023,Male,94
176,SSS1,12-01-2023,Male,85
176,SSS2,12-01-2023,Male,71
176,SSS3,12-01-2023,Male,64
176,JSS1,12-01-2023,Female,142
176,JSS2,12-01-2023,Female,138
176,JSS3,12-01-2023,Female,143
176,SSS1,12-01-2023,Female,132
176,SSS2,12-01-2023,Female,127
176,SSS3,12-01-2023,Female,126
172,JSS1,12-01-2023,Male,47
172,JSS2,12-01-2023,Male,31
172,JSS3,12-01-2023,Male,61
172,SSS1,12-01-2023,Male,25
172,SSS2,12-01-2023,Male,36
172,SSS3,12-01-2023,Male,39
172,JSS1,12-01-2023,Female,85
172,JSS2,12-01-2023,Female,105
172,JSS3,12-01-2023,Female,80
172,SSS1,12-01-2023,Female,88
172,SSS2,12-01-2023,Female,75
172,SSS3,12-01-2023,Female,73
168,JSS1,12-01-2023,Male,145
168,JSS2,12-01-2023,Male,106
168,JSS3,12-01-2023,Male,106
168,SSS1,12-01-2023,Male,81
168,SSS2,12-01-2023,Male,89
168,SSS3,12-01-2023,Male,55
168,JSS1,12-01-2023,Female,177
168,JSS2,12-01-2023,Female,152
168,JSS3,12-01-2023,Female,129
168,SSS1,12-01-2023,Female,144
168,SSS2,12-01-2023,Female,110
168,SSS3,12-01-2023,Female,65
177,JSS1,12-01-2023,Male,72
177,JSS2,12-01-2023,Male,45
177,JSS3,12-01-2023,Male,40
177,SSS1,12-01-2023,Male,36
177,SSS2,12-01-2023,Male,37
177,SSS3,12-01-2023,Male,19
177,JSS1,12-01-2023,Female,56
177,JSS2,12-01-2023,Female,33
177,JSS3,12-01-2023,Female,44
177,SSS1,12-01-2023,Female,35
177,SSS2,12-01-2023,Female,36
177,SSS3,12-01-2023,Female,15
167,JSS1,12-01-2023,Male,12
167,JSS2,12-01-2023,Male,15
167,JSS3,12-01-2023,Male,20
167,SSS1,12-01-2023,Male,18
167,SSS2,12-01-2023,Male,10
167,SSS3,12-01-2023,Male,7
167,JSS1,12-01-2023,Female,58
167,JSS2,12-01-2023,Female,55
167,JSS3,12-01-2023,Female,40
167,SSS1,12-01-2023,Female,32
167,SSS2,12-01-2023,Female,30
167,SSS3,12-01-2023,Female,23
170,JSS1,12-01-2023,Male,42
170,JSS2,12-01-2023,Male,50
170,JSS3,12-01-2023,Male,60
170,SSS1,12-01-2023,Male,35
170,SSS2,12-01-2023,Male,47
170,SSS3,12-01-2023,Male,40
170,JSS1,12-01-2023,Female,48
170,JSS2,12-01-2023,Female,50
170,JSS3,12-01-2023,Female,67
170,SSS1,12-01-2023,Female,35
170,SSS2,12-01-2023,Female,53
170,SSS3,12-01-2023,Female,40
164,JSS1,12-01-2023,Male,16
164,JSS2,12-01-2023,Male,21
164,JSS3,12-01-2023,Male,22
164,SSS1,12-01-2023,Male,19
164,SSS2,12-01-2023,Male,25
164,SSS3,12-01-2023,Male,17
164,JSS1,12-01-2023,Female,40
164,JSS2,12-01-2023,Female,26
164,JSS3,12-01-2023,Female,34
164,SSS1,12-01-2023,Female,32
164,SSS2,12-01-2023,Female,18
164,SSS3,12-01-2023,Female,31
165,JSS1,12-01-2023,Male,31
165,JSS2,12-01-2023,Male,41
165,JSS3,12-01-2023,Male,29
165,SSS1,12-01-2023,Male,21
165,SSS2,12-01-2023,Male,46
165,SSS3,12-01-2023,Male,43
165,JSS1,12-01-2023,Female,37
165,JSS2,12-01-2023,Female,32
165,JSS3,12-01-2023,Female,58
165,SSS1,12-01-2023,Female,58
165,SSS2,12-01-2023,Female,36
165,SSS3,12-01-2023,Female,64
181,JSS1,12-01-2023,Male,20
181,JSS2,12-01-2023,Male,17
181,JSS3,12-01-2023,Male,25
181,SSS1,12-01-2023,Male,35
181,SSS2,12-01-2023,Male,16
181,SSS3,12-01-2023,Male,17
181,JSS1,12-01-2023,Female,12
181,JSS2,12-01-2023,Female,14
181,JSS3,12-01-2023,Female,15
181,SSS1,12-01-2023,Female,17
181,SSS2,12-01-2023,Female,20
181,SSS3,12-01-2023,Female,23
180,JSS1,12-01-2023,Male,27
180,JSS2,12-01-2023,Male,22
180,JSS3,12-01-2023,Male,22
180,SSS1,12-01-2023,Male,13
180,SSS2,12-01-2023,Male,21
180,SSS3,12-01-2023,Male,21
180,JSS1,12-01-2023,Female,16
180,JSS2,12-01-2023,Female,17
180,JSS3,12-01-2023,Female,26
180,SSS1,12-01-2023,Female,11
180,SSS2,12-01-2023,Female,19
180,SSS3,12-01-2023,Female,26
171,JSS1,12-01-2023,Male,40
171,JSS2,12-01-2023,Male,38
171,JSS3,12-01-2023,Male,35
171,SSS1,12-01-2023,Male,33
171,SSS2,12-01-2023,Male,40
171,SSS3,12-01-2023,Male,28
171,JSS1,12-01-2023,Female,26
171,JSS2,12-01-2023,Female,45
171,JSS3,12-01-2023,Female,27
171,SSS1,12-01-2023,Female,31
171,SSS2,12-01-2023,Female,27
171,SSS3,12-01-2023,Female,31
174,JSS1,12-01-2023,Male,10
174,JSS2,12-01-2023,Male,18
174,JSS3,12-01-2023,Male,17
174,SSS1,12-01-2023,Male,9
174,SSS2,12-01-2023,Male,12
174,SSS3,12-01-2023,Male,30
174,JSS1,12-01-2023,Female,25
174,JSS2,12-01-2023,Female,18
174,JSS3,12-01-2023,Female,25
174,SSS1,12-01-2023,Female,9
174,SSS2,12-01-2023,Female,8
174,SSS3,12-01-2023,Female,21
166,JSS1,12-01-2023,Male,12
166,JSS2,12-01-2023,Male,10
166,JSS3,12-01-2023,Male,13
166,SSS1,12-01-2023,Male,11
166,SSS2,12-01-2023,Male,7
166,SSS3,12-01-2023,Male,4
166,JSS1,12-01-2023,Female,8
166,JSS2,12-01-2023,Female,47
166,JSS3,12-01-2023,Female,15
166,SSS1,12-01-2023,Female,4
166,SSS2,12-01-2023,Female,7
166,SSS3,12-01-2023,Female,6
179,JSS1,12-01-2023,Male,40
179,JSS2,12-01-2023,Male,50
179,JSS3,12-01-2023,Male,50
179,SSS1,12-01-2023,Male,47
179,SSS2,12-01-2023,Male,34
179,SSS3,12-01-2023,Male,35
179,JSS1,12-01-2023,Female,87
179,JSS2,12-01-2023,Female,62
179,JSS3,12-01-2023,Female,88
179,SSS1,12-01-2023,Female,89
179,SSS2,12-01-2023,Female,74
179,SSS3,12-01-2023,Female,41
276,JSS1,12-01-2023,Male,230
276,JSS2,12-01-2023,Male,232
276,JSS3,12-01-2023,Male,220
276,SSS1,12-01-2023,Male,148
276,SSS2,12-01-2023,Male,141
276,SSS3,12-01-2023,Male,109
276,JSS1,12-01-2023,Female,0
276,JSS2,12-01-2023,Female,0
276,JSS3,12-01-2023,Female,0
276,SSS1,12-01-2023,Female,0
276,SSS2,12-01-2023,Female,0
276,SSS3,12-01-2023,Female,0
277,JSS1,12-01-2023,Male,51
277,JSS2,12-01-2023,Male,52
277,JSS3,12-01-2023,Male,60
277,SSS1,12-01-2023,Male,36
277,SSS2,12-01-2023,Male,49
277,SSS3,12-01-2023,Male,33
277,JSS1,12-01-2023,Female,42
277,JSS2,12-01-2023,Female,43
277,JSS3,12-01-2023,Female,46
277,SSS1,12-01-2023,Female,54
277,SSS2,12-01-2023,Female,54
277,SSS3,12-01-2023,Female,50
270,JSS1,12-01-2023,Male,67
270,JSS2,12-01-2023,Male,70
270,JSS3,12-01-2023,Male,77
270,SSS1,12-01-2023,Male,33
270,SSS2,12-01-2023,Male,55
270,SSS3,12-01-2023,Male,54
270,JSS1,12-01-2023,Female,73
270,JSS2,12-01-2023,Female,87
270,JSS3,12-01-2023,Female,97
270,SSS1,12-01-2023,Female,62
270,SSS2,12-01-2023,Female,64
270,SSS3,12-01-2023,Female,61
274,JSS1,12-01-2023,Male,83
274,JSS2,12-01-2023,Male,63
274,JSS3,12-01-2023,Male,49
274,SSS1,12-01-2023,Male,21
274,SSS2,12-01-2023,Male,28
274,SSS3,12-01-2023,Male,55
274,JSS1,12-01-2023,Female,64
274,JSS2,12-01-2023,Female,82
274,JSS3,12-01-2023,Female,50
274,SSS1,12-01-2023,Female,35
274,SSS2,12-01-2023,Female,65
274,SSS3,12-01-2023,Female,92
272,JSS1,12-01-2023,Male,38
272,JSS2,12-01-2023,Male,58
272,JSS3,12-01-2023,Male,43
272,SSS1,12-01-2023,Male,35
272,SSS2,12-01-2023,Male,24
272,SSS3,12-01-2023,Male,19
272,JSS1,12-01-2023,Female,49
272,JSS2,12-01-2023,Female,46
272,JSS3,12-01-2023,Female,55
272,SSS1,12-01-2023,Female,45
272,SSS2,12-01-2023,Female,32
272,SSS3,12-01-2023,Female,29
273,JSS1,12-01-2023,Male,25
273,JSS2,12-01-2023,Male,22
273,JSS3,12-01-2023,Male,35
273,SSS1,12-01-2023,Male,16
273,SSS2,12-01-2023,Male,18
273,SSS3,12-01-2023,Male,18
273,JSS1,12-01-2023,Female,29
273,JSS2,12-01-2023,Female,35
273,JSS3,12-01-2023,Female,36
273,SSS1,12-01-2023,Female,31
273,SSS2,12-01-2023,Female,19
273,SSS3,12-01-2023,Female,20
275,JSS1,12-01-2023,Male,0
275,JSS2,12-01-2023,Male,0
275,JSS3,12-01-2023,Male,0
275,SSS1,12-01-2023,Male,0
275,SSS2,12-01-2023,Male,0
275,SSS3,12-01-2023,Male,0
275,JSS1,12-01-2023,Female,201
275,JSS2,12-01-2023,Female,178
275,JSS3,12-01-2023,Female,198
275,SSS1,12-01-2023,Female,197
275,SSS2,12-01-2023,Female,176
275,SSS3,12-01-2023,Female,191
271,JSS1,12-01-2023,Male,17
271,JSS2,12-01-2023,Male,20
271,JSS3,12-01-2023,Male,11
271,SSS1,12-01-2023,Male,15
271,SSS2,12-01-2023,Male,7
271,SSS3,12-01-2023,Male,7
271,JSS1,12-01-2023,Female,11
271,JSS2,12-01-2023,Female,18
271,JSS3,12-01-2023,Female,9
271,SSS1,12-01-2023,Female,17
271,SSS2,12-01-2023,Female,8
271,SSS3,12-01-2023,Female,12
570,JSS1,12-01-2023,Male,27
570,JSS2,12-01-2023,Male,25
570,JSS3,12-01-2023,Male,30
570,SSS1,12-01-2023,Male,28
570,SSS2,12-01-2023,Male,20
570,SSS3,12-01-2023,Male,31
570,JSS1,12-01-2023,Female,26
570,JSS2,12-01-2023,Female,29
570,JSS3,12-01-2023,Female,38
570,SSS1,12-01-2023,Female,18
570,SSS2,12-01-2023,Female,26
570,SSS3,12-01-2023,Female,38
571,JSS1,12-01-2023,Male,0
571,JSS2,12-01-2023,Male,0
571,JSS3,12-01-2023,Male,0
571,SSS1,12-01-2023,Male,0
571,SSS2,12-01-2023,Male,0
571,SSS3,12-01-2023,Male,0
571,JSS1,12-01-2023,Female,13
571,JSS2,12-01-2023,Female,17
571,JSS3,12-01-2023,Female,34
571,SSS1,12-01-2023,Female,33
571,SSS2,12-01-2023,Female,37
571,SSS3,12-01-2023,Female,37
575,JSS1,12-01-2023,Male,59
575,JSS2,12-01-2023,Male,73
575,JSS3,12-01-2023,Male,81
575,SSS1,12-01-2023,Male,55
575,SSS2,12-01-2023,Male,73
575,SSS3,12-01-2023,Male,56
575,JSS1,12-01-2023,Female,0
575,JSS2,12-01-2023,Female,0
575,JSS3,12-01-2023,Female,0
575,SSS1,12-01-2023,Female,0
575,SSS2,12-01-2023,Female,0
575,SSS3,12-01-2023,Female,0
573,JSS1,12-01-2023,Male,40
573,JSS2,12-01-2023,Male,46
573,JSS3,12-01-2023,Male,46
573,SSS1,12-01-2023,Male,38
573,SSS2,12-01-2023,Male,34
573,SSS3,12-01-2023,Male,41
573,JSS1,12-01-2023,Female,43
573,JSS2,12-01-2023,Female,41
573,JSS3,12-01-2023,Female,40
573,SSS1,12-01-2023,Female,35
573,SSS2,12-01-2023,Female,43
573,SSS3,12-01-2023,Female,36
577,JSS1,12-01-2023,Male,140
577,JSS2,12-01-2023,Male,173
577,JSS3,12-01-2023,Male,151
577,SSS1,12-01-2023,Male,173
577,SSS2,12-01-2023,Male,153
577,SSS3,12-01-2023,Male,118
577,JSS1,12-01-2023,Female,0
577,JSS2,12-01-2023,Female,0
577,JSS3,12-01-2023,Female,0
577,SSS1,12-01-2023,Female,0
577,SSS2,12-01-2023,Female,0
577,SSS3,12-01-2023,Female,0
567,JSS1,12-01-2023,Male,22
567,JSS2,12-01-2023,Male,32
567,JSS3,12-01-2023,Male,20
567,SSS1,12-01-2023,Male,17
567,SSS2,12-01-2023,Male,25
567,SSS3,12-01-2023,Male,23
567,JSS1,12-01-2023,Female,46
567,JSS2,12-01-2023,Female,34
567,JSS3,12-01-2023,Female,16
567,SSS1,12-01-2023,Female,27
567,SSS2,12-01-2023,Female,39
567,SSS3,12-01-2023,Female,25
568,JSS1,12-01-2023,Male,29
568,JSS2,12-01-2023,Male,22
568,JSS3,12-01-2023,Male,35
568,SSS1,12-01-2023,Male,25
568,SSS2,12-01-2023,Male,35
568,SSS3,12-01-2023,Male,22
568,JSS1,12-01-2023,Female,29
568,JSS2,12-01-2023,Female,30
568,JSS3,12-01-2023,Female,26
568,SSS1,12-01-2023,Female,23
568,SSS2,12-01-2023,Female,34
568,SSS3,12-01-2023,Female,47
572,JSS1,12-01-2023,Male,35
572,JSS2,12-01-2023,Male,50
572,JSS3,12-01-2023,Male,41
572,SSS1,12-01-2023,Male,39
572,SSS2,12-01-2023,Male,20
572,SSS3,12-01-2023,Male,22
572,JSS1,12-01-2023,Female,35
572,JSS2,12-01-2023,Female,19
572,JSS3,12-01-2023,Female,16
572,SSS1,12-01-2023,Female,14
572,SSS2,12-01-2023,Female,8
572,SSS3,12-01-2023,Female,9
569,JSS1,12-01-2023,Male,17
569,JSS2,12-01-2023,Male,9
569,JSS3,12-01-2023,Male,13
569,SSS1,12-01-2023,Male,13
569,SSS2,12-01-2023,Male,10
569,SSS3,12-01-2023,Male,17
569,JSS1,12-01-2023,Female,51
569,JSS2,12-01-2023,Female,35
569,JSS3,12-01-2023,Female,37
569,SSS1,12-01-2023,Female,37
569,SSS2,12-01-2023,Female,41
569,SSS3,12-01-2023,Female,28
574,JSS1,12-01-2023,Male,27
574,JSS2,12-01-2023,Male,24
574,JSS3,12-01-2023,Male,38
574,SSS1,12-01-2023,Male,28
574,SSS2,12-01-2023,Male,20
574,SSS3,12-01-2023,Male,30
574,JSS1,12-01-2023,Female,26
574,JSS2,12-01-2023,Female,26
574,JSS3,12-01-2023,Female,23
574,SSS1,12-01-2023,Female,18
574,SSS2,12-01-2023,Female,21
574,SSS3,12-01-2023,Female,36
576,JSS1,12-01-2023,Male,31
576,JSS2,12-01-2023,Male,35
576,JSS3,12-01-2023,Male,27
576,SSS1,12-01-2023,Male,27
576,SSS2,12-01-2023,Male,19
576,SSS3,12-01-2023,Male,35
576,JSS1,12-01-2023,Female,24
576,JSS2,12-01-2023,Female,18
576,JSS3,12-01-2023,Female,27
576,SSS1,12-01-2023,Female,27
576,SSS2,12-01-2023,Female,29
576,SSS3,12-01-2023,Female,27
593,JSS1,12-01-2023,Male,0
593,JSS2,12-01-2023,Male,0
593,JSS3,12-01-2023,Male,0
593,SSS1,12-01-2023,Male,0
593,SSS2,12-01-2023,Male,0
593,SSS3,12-01-2023,Male,0
593,JSS1,12-01-2023,Female,297
593,JSS2,12-01-2023,Female,242
593,JSS3,12-01-2023,Female,225
593,SSS1,12-01-2023,Female,249
593,SSS2,12-01-2023,Female,239
593,SSS3,12-01-2023,Female,193
594,JSS1,12-01-2023,Male,0
594,JSS2,12-01-2023,Male,0
594,JSS3,12-01-2023,Male,0
594,SSS1,12-01-2023,Male,0
594,SSS2,12-01-2023,Male,0
594,SSS3,12-01-2023,Male,0
594,JSS1,12-01-2023,Female,212
594,JSS2,12-01-2023,Female,194
594,JSS3,12-01-2023,Female,139
594,SSS1,12-01-2023,Female,164
594,SSS2,12-01-2023,Female,139
594,SSS3,12-01-2023,Female,218
596,JSS1,12-01-2023,Male,364
596,JSS2,12-01-2023,Male,317
596,JSS3,12-01-2023,Male,266
596,SSS1,12-01-2023,Male,266
596,SSS2,12-01-2023,Male,263
596,SSS3,12-01-2023,Male,213
596,JSS1,12-01-2023,Female,0
596,JSS2,12-01-2023,Female,0
596,JSS3,12-01-2023,Female,0
596,SSS1,12-01-2023,Female,0
596,SSS2,12-01-2023,Female,0
596,SSS3,12-01-2023,Female,0
595,JSS1,12-01-2023,Male,133
595,JSS2,12-01-2023,Male,119
595,JSS3,12-01-2023,Male,119
595,SSS1,12-01-2023,Male,111
595,SSS2,12-01-2023,Male,67
595,SSS3,12-01-2023,Male,65
595,JSS1,12-01-2023,Female,85
595,JSS2,12-01-2023,Female,67
595,JSS3,12-01-2023,Female,64
595,SSS1,12-01-2023,Female,68
595,SSS2,12-01-2023,Female,69
595,SSS3,12-01-2023,Female,63
597,JSS1,12-01-2023,Male,216
597,JSS2,12-01-2023,Male,216
597,JSS3,12-01-2023,Male,234
597,SSS1,12-01-2023,Male,236
597,SSS2,12-01-2023,Male,210
597,SSS3,12-01-2023,Male,178
597,JSS1,12-01-2023,Female,0
597,JSS2,12-01-2023,Female,0
597,JSS3,12-01-2023,Female,0
597,SSS1,12-01-2023,Female,0
597,SSS2,12-01-2023,Female,0
597,SSS3,12-01-2023,Female,0
598,JSS1,12-01-2023,Male,0
598,JSS2,12-01-2023,Male,0
598,JSS3,12-01-2023,Male,0
598,SSS1,12-01-2023,Male,0
598,SSS2,12-01-2023,Male,0
598,SSS3,12-01-2023,Male,0
598,JSS1,12-01-2023,Female,159
598,JSS2,12-01-2023,Female,116
598,JSS3,12-01-2023,Female,81
598,SSS1,12-01-2023,Female,51
598,SSS2,12-01-2023,Female,47
598,SSS3,12-01-2023,Female,36
592,JSS1,12-01-2023,Male,129
592,JSS2,12-01-2023,Male,126
592,JSS3,12-01-2023,Male,118
592,SSS1,12-01-2023,Male,93
592,SSS2,12-01-2023,Male,73
592,SSS3,12-01-2023,Male,42
592,JSS1,12-01-2023,Female,118
592,JSS2,12-01-2023,Female,135
592,JSS3,12-01-2023,Female,136
592,SSS1,12-01-2023,Female,148
592,SSS2,12-01-2023,Female,130
592,SSS3,12-01-2023,Female,117
591,JSS1,12-01-2023,Male,150
591,JSS2,12-01-2023,Male,154
591,JSS3,12-01-2023,Male,145
591,SSS1,12-01-2023,Male,111
591,SSS2,12-01-2023,Male,90
591,SSS3,12-01-2023,Male,75
591,JSS1,12-01-2023,Female,152
591,JSS2,12-01-2023,Female,155
591,JSS3,12-01-2023,Female,148
591,SSS1,12-01-2023,Female,111
591,SSS2,12-01-2023,Female,95
591,SSS3,12-01-2023,Female,70
680,JSS1,12-01-2023,Male,40
680,JSS2,12-01-2023,Male,42
680,JSS3,12-01-2023,Male,29
680,SSS1,12-01-2023,Male,20
680,SSS2,12-01-2023,Male,20
680,SSS3,12-01-2023,Male,25
680,JSS1,12-01-2023,Female,46
680,JSS2,12-01-2023,Female,45
680,JSS3,12-01-2023,Female,31
680,SSS1,12-01-2023,Female,30
680,SSS2,12-01-2023,Female,32
680,SSS3,12-01-2023,Female,36
671,JSS1,12-01-2023,Male,55
671,JSS2,12-01-2023,Male,51
671,JSS3,12-01-2023,Male,41
671,SSS1,12-01-2023,Male,34
671,SSS2,12-01-2023,Male,38
671,SSS3,12-01-2023,Male,26
671,JSS1,12-01-2023,Female,33
671,JSS2,12-01-2023,Female,36
671,JSS3,12-01-2023,Female,38
671,SSS1,12-01-2023,Female,28
671,SSS2,12-01-2023,Female,35
671,SSS3,12-01-2023,Female,32
669,JSS1,12-01-2023,Male,28
669,JSS2,12-01-2023,Male,27
669,JSS3,12-01-2023,Male,21
669,SSS1,12-01-2023,Male,19
669,SSS2,12-01-2023,Male,21
669,SSS3,12-01-2023,Male,23
669,JSS1,12-01-2023,Female,19
669,JSS2,12-01-2023,Female,18
669,JSS3,12-01-2023,Female,15
669,SSS1,12-01-2023,Female,11
669,SSS2,12-01-2023,Female,14
669,SSS3,12-01-2023,Female,20
672,JSS1,12-01-2023,Male,13
672,JSS2,12-01-2023,Male,23
672,JSS3,12-01-2023,Male,8
672,SSS1,12-01-2023,Male,9
672,SSS2,12-01-2023,Male,4
672,SSS3,12-01-2023,Male,7
672,JSS1,12-01-2023,Female,16
672,JSS2,12-01-2023,Female,10
672,JSS3,12-01-2023,Female,14
672,SSS1,12-01-2023,Female,14
672,SSS2,12-01-2023,Female,9
672,SSS3,12-01-2023,Female,21
673,JSS1,12-01-2023,Male,34
673,JSS2,12-01-2023,Male,29
673,JSS3,12-01-2023,Male,20
673,SSS1,12-01-2023,Male,10
673,SSS2,12-01-2023,Male,9
673,SSS3,12-01-2023,Male,7
673,JSS1,12-01-2023,Female,23
673,JSS2,12-01-2023,Female,25
673,JSS3,12-01-2023,Female,20
673,SSS1,12-01-2023,Female,14
673,SSS2,12-01-2023,Female,8
673,SSS3,12-01-2023,Female,16
667,JSS1,12-01-2023,Male,5
667,JSS2,12-01-2023,Male,1
667,JSS3,12-01-2023,Male,2
667,SSS1,12-01-2023,Male,3
667,SSS2,12-01-2023,Male,1
667,SSS3,12-01-2023,Male,0
667,JSS1,12-01-2023,Female,5
667,JSS2,12-01-2023,Female,1
667,JSS3,12-01-2023,Female,0
667,SSS1,12-01-2023,Female,2
667,SSS2,12-01-2023,Female,3
667,SSS3,12-01-2023,Female,0
666,JSS1,12-01-2023,Male,19
666,JSS2,12-01-2023,Male,22
666,JSS3,12-01-2023,Male,20
666,SSS1,12-01-2023,Male,17
666,SSS2,12-01-2023,Male,7
666,SSS3,12-01-2023,Male,15
666,JSS1,12-01-2023,Female,20
666,JSS2,12-01-2023,Female,12
666,JSS3,12-01-2023,Female,24
666,SSS1,12-01-2023,Female,23
666,SSS2,12-01-2023,Female,10
666,SSS3,12-01-2023,Female,20
677,JSS1,12-01-2023,Male,7
677,JSS2,12-01-2023,Male,5
677,JSS3,12-01-2023,Male,10
677,SSS1,12-01-2023,Male,5
677,SSS2,12-01-2023,Male,5
677,SSS3,12-01-2023,Male,5
677,JSS1,12-01-2023,Female,3
677,JSS2,12-01-2023,Female,5
677,JSS3,12-01-2023,Female,2
677,SSS1,12-01-2023,Female,2
677,SSS2,12-01-2023,Female,7
677,SSS3,12-01-2023,Female,8
668,JSS1,12-01-2023,Male,42
668,JSS2,12-01-2023,Male,16
668,JSS3,12-01-2023,Male,24
668,SSS1,12-01-2023,Male,19
668,SSS2,12-01-2023,Male,19
668,SSS3,12-01-2023,Male,27
668,JSS1,12-01-2023,Female,16
668,JSS2,12-01-2023,Female,12
668,JSS3,12-01-2023,Female,21
668,SSS1,12-01-2023,Female,31
668,SSS2,12-01-2023,Female,25
668,SSS3,12-01-2023,Female,29
674,JSS1,12-01-2023,Male,20
674,JSS2,12-01-2023,Male,12
674,JSS3,12-01-2023,Male,18
674,SSS1,12-01-2023,Male,11
674,SSS2,12-01-2023,Male,6
674,SSS3,12-01-2023,Male,10
674,JSS1,12-01-2023,Female,14
674,JSS2,12-01-2023,Female,11
674,JSS3,12-01-2023,Female,18
674,SSS1,12-01-2023,Female,11
674,SSS2,12-01-2023,Female,14
674,SSS3,12-01-2023,Female,14
679,JSS1,12-01-2023,Male,84
679,JSS2,12-01-2023,Male,72
679,JSS3,12-01-2023,Male,48
679,SSS1,12-01-2023,Male,34
679,SSS2,12-01-2023,Male,54
679,SSS3,12-01-2023,Male,29
679,JSS1,12-01-2023,Female,95
679,JSS2,12-01-2023,Female,69
679,JSS3,12-01-2023,Female,77
679,SSS1,12-01-2023,Female,73
679,SSS2,12-01-2023,Female,70
679,SSS3,12-01-2023,Female,54
681,JSS1,12-01-2023,Male,13
681,JSS2,12-01-2023,Male,15
681,JSS3,12-01-2023,Male,7
681,SSS1,12-01-2023,Male,6
681,SSS2,12-01-2023,Male,6
681,SSS3,12-01-2023,Male,8
681,JSS1,12-01-2023,Female,6
681,JSS2,12-01-2023,Female,3
681,JSS3,12-01-2023,Female,7
681,SSS1,12-01-2023,Female,1
681,SSS2,12-01-2023,Female,7
681,SSS3,12-01-2023,Female,6
678,JSS1,12-01-2023,Male,27
678,JSS2,12-01-2023,Male,33
678,JSS3,12-01-2023,Male,36
678,SSS1,12-01-2023,Male,29
678,SSS2,12-01-2023,Male,32
678,SSS3,12-01-2023,Male,27
678,JSS1,12-01-2023,Female,15
678,JSS2,12-01-2023,Female,15
678,JSS3,12-01-2023,Female,31
678,SSS1,12-01-2023,Female,17
678,SSS2,12-01-2023,Female,28
678,SSS3,12-01-2023,Female,23
682,JSS1,12-01-2023,Male,24
682,JSS2,12-01-2023,Male,21
682,JSS3,12-01-2023,Male,27
682,SSS1,12-01-2023,Male,22
682,SSS2,12-01-2023,Male,16
682,SSS3,12-01-2023,Male,25
682,JSS1,12-01-2023,Female,37
682,JSS2,12-01-2023,Female,34
682,JSS3,12-01-2023,Female,41
682,SSS1,12-01-2023,Female,33
682,SSS2,12-01-2023,Female,28
682,SSS3,12-01-2023,Female,31
676,JSS1,12-01-2023,Male,61
676,JSS2,12-01-2023,Male,60
676,JSS3,12-01-2023,Male,42
676,SSS1,12-01-2023,Male,40
676,SSS2,12-01-2023,Male,45
676,SSS3,12-01-2023,Male,29
676,JSS1,12-01-2023,Female,39
676,JSS2,12-01-2023,Female,32
676,JSS3,12-01-2023,Female,25
676,SSS1,12-01-2023,Female,20
676,SSS2,12-01-2023,Female,22
676,SSS3,12-01-2023,Female,17
670,JSS1,12-01-2023,Male,21
670,JSS2,12-01-2023,Male,12
670,JSS3,12-01-2023,Male,15
670,SSS1,12-01-2023,Male,12
670,SSS2,12-01-2023,Male,10
670,SSS3,12-01-2023,Male,3
670,JSS1,12-01-2023,Female,10
670,JSS2,12-01-2023,Female,12
670,JSS3,12-01-2023,Female,16
670,SSS1,12-01-2023,Female,8
670,SSS2,12-01-2023,Female,8
670,SSS3,12-01-2023,Female,15
675,JSS1,12-01-2023,Male,16
675,JSS2,12-01-2023,Male,14
675,JSS3,12-01-2023,Male,12
675,SSS1,12-01-2023,Male,16
675,SSS2,12-01-2023,Male,5
675,SSS3,12-01-2023,Male,13
675,JSS1,12-01-2023,Female,9
675,JSS2,12-01-2023,Female,11
675,JSS3,12-01-2023,Female,13
675,SSS1,12-01-2023,Female,7
675,SSS2,12-01-2023,Female,7
675,SSS3,12-01-2023,Female,12
292,JSS1,12-01-2023,Male,44
292,JSS2,12-01-2023,Male,61
292,JSS3,12-01-2023,Male,56
292,SSS1,12-01-2023,Male,40
292,SSS2,12-01-2023,Male,69
292,SSS3,12-01-2023,Male,28
292,JSS1,12-01-2023,Female,38
292,JSS2,12-01-2023,Female,61
292,JSS3,12-01-2023,Female,68
292,SSS1,12-01-2023,Female,50
292,SSS2,12-01-2023,Female,38
292,SSS3,12-01-2023,Female,74
290,JSS1,12-01-2023,Male,51
290,JSS2,12-01-2023,Male,32
290,JSS3,12-01-2023,Male,33
290,SSS1,12-01-2023,Male,26
290,SSS2,12-01-2023,Male,29
290,SSS3,12-01-2023,Male,24
290,JSS1,12-01-2023,Female,30
290,JSS2,12-01-2023,Female,21
290,JSS3,12-01-2023,Female,34
290,SSS1,12-01-2023,Female,38
290,SSS2,12-01-2023,Female,32
290,SSS3,12-01-2023,Female,43
286,JSS1,12-01-2023,Male,55
286,JSS2,12-01-2023,Male,66
286,JSS3,12-01-2023,Male,41
286,SSS1,12-01-2023,Male,50
286,SSS2,12-01-2023,Male,46
286,SSS3,12-01-2023,Male,57
286,JSS1,12-01-2023,Female,0
286,JSS2,12-01-2023,Female,0
286,JSS3,12-01-2023,Female,0
286,SSS1,12-01-2023,Female,0
286,SSS2,12-01-2023,Female,0
286,SSS3,12-01-2023,Female,0
288,JSS1,12-01-2023,Male,151
288,JSS2,12-01-2023,Male,106
288,JSS3,12-01-2023,Male,95
288,SSS1,12-01-2023,Male,74
288,SSS2,12-01-2023,Male,50
288,SSS3,12-01-2023,Male,71
288,JSS1,12-01-2023,Female,126
288,JSS2,12-01-2023,Female,102
288,JSS3,12-01-2023,Female,128
288,SSS1,12-01-2023,Female,99
288,SSS2,12-01-2023,Female,132
288,SSS3,12-01-2023,Female,82
291,JSS1,12-01-2023,Male,19
291,JSS2,12-01-2023,Male,17
291,JSS3,12-01-2023,Male,22
291,SSS1,12-01-2023,Male,17
291,SSS2,12-01-2023,Male,7
291,SSS3,12-01-2023,Male,31
291,JSS1,12-01-2023,Female,27
291,JSS2,12-01-2023,Female,4
291,JSS3,12-01-2023,Female,10
291,SSS1,12-01-2023,Female,24
291,SSS2,12-01-2023,Female,11
291,SSS3,12-01-2023,Female,15
287,JSS1,12-01-2023,Male,0
287,JSS2,12-01-2023,Male,0
287,JSS3,12-01-2023,Male,0
287,SSS1,12-01-2023,Male,0
287,SSS2,12-01-2023,Male,0
287,SSS3,12-01-2023,Male,0
287,JSS1,12-01-2023,Female,68
287,JSS2,12-01-2023,Female,77
287,JSS3,12-01-2023,Female,99
287,SSS1,12-01-2023,Female,84
287,SSS2,12-01-2023,Female,105
287,SSS3,12-01-2023,Female,72
293,JSS1,12-01-2023,Male,22
293,JSS2,12-01-2023,Male,15
293,JSS3,12-01-2023,Male,28
293,SSS1,12-01-2023,Male,19
293,SSS2,12-01-2023,Male,10
293,SSS3,12-01-2023,Male,29
293,JSS1,12-01-2023,Female,25
293,JSS2,12-01-2023,Female,27
293,JSS3,12-01-2023,Female,25
293,SSS1,12-01-2023,Female,18
293,SSS2,12-01-2023,Female,20
293,SSS3,12-01-2023,Female,17
289,JSS1,12-01-2023,Male,165
289,JSS2,12-01-2023,Male,134
289,JSS3,12-01-2023,Male,120
289,SSS1,12-01-2023,Male,125
289,SSS2,12-01-2023,Male,80
289,SSS3,12-01-2023,Male,69
289,JSS1,12-01-2023,Female,103
289,JSS2,12-01-2023,Female,75
289,JSS3,12-01-2023,Female,69
289,SSS1,12-01-2023,Female,77
289,SSS2,12-01-2023,Female,71
289,SSS3,12-01-2023,Female,66
504,JSS1,12-01-2023,Male,45
504,JSS2,12-01-2023,Male,41
504,JSS3,12-01-2023,Male,57
504,SSS1,12-01-2023,Male,35
504,SSS2,12-01-2023,Male,22
504,SSS3,12-01-2023,Male,19
504,JSS1,12-01-2023,Female,55
504,JSS2,12-01-2023,Female,39
504,JSS3,12-01-2023,Female,40
504,SSS1,12-01-2023,Female,35
504,SSS2,12-01-2023,Female,35
504,SSS3,12-01-2023,Female,17
506,JSS1,12-01-2023,Male,22
506,JSS2,12-01-2023,Male,13
506,JSS3,12-01-2023,Male,15
506,SSS1,12-01-2023,Male,2
506,SSS2,12-01-2023,Male,4
506,SSS3,12-01-2023,Male,5
506,JSS1,12-01-2023,Female,16
506,JSS2,12-01-2023,Female,9
506,JSS3,12-01-2023,Female,10
506,SSS1,12-01-2023,Female,2
506,SSS2,12-01-2023,Female,12
506,SSS3,12-01-2023,Female,7
511,JSS1,12-01-2023,Male,34
511,JSS2,12-01-2023,Male,10
511,JSS3,12-01-2023,Male,15
511,SSS1,12-01-2023,Male,25
511,SSS2,12-01-2023,Male,12
511,SSS3,12-01-2023,Male,16
511,JSS1,12-01-2023,Female,36
511,JSS2,12-01-2023,Female,18
511,JSS3,12-01-2023,Female,29
511,SSS1,12-01-2023,Female,15
511,SSS2,12-01-2023,Female,18
511,SSS3,12-01-2023,Female,27
500,JSS1,12-01-2023,Male,0
500,JSS2,12-01-2023,Male,0
500,JSS3,12-01-2023,Male,0
500,SSS1,12-01-2023,Male,0
500,SSS2,12-01-2023,Male,0
500,SSS3,12-01-2023,Male,0
500,JSS1,12-01-2023,Female,108
500,JSS2,12-01-2023,Female,95
500,JSS3,12-01-2023,Female,112
500,SSS1,12-01-2023,Female,81
500,SSS2,12-01-2023,Female,68
500,SSS3,12-01-2023,Female,95
499,JSS1,12-01-2023,Male,55
499,JSS2,12-01-2023,Male,42
499,JSS3,12-01-2023,Male,38
499,SSS1,12-01-2023,Male,27
499,SSS2,12-01-2023,Male,28
499,SSS3,12-01-2023,Male,52
499,JSS1,12-01-2023,Female,0
499,JSS2,12-01-2023,Female,0
499,JSS3,12-01-2023,Female,0
499,SSS1,12-01-2023,Female,0
499,SSS2,12-01-2023,Female,0
499,SSS3,12-01-2023,Female,0
509,JSS1,12-01-2023,Male,126
509,JSS2,12-01-2023,Male,144
509,JSS3,12-01-2023,Male,149
509,SSS1,12-01-2023,Male,109
509,SSS2,12-01-2023,Male,68
509,SSS3,12-01-2023,Male,44
509,JSS1,12-01-2023,Female,74
509,JSS2,12-01-2023,Female,84
509,JSS3,12-01-2023,Female,94
509,SSS1,12-01-2023,Female,69
509,SSS2,12-01-2023,Female,46
509,SSS3,12-01-2023,Female,51
513,JSS1,12-01-2023,Male,33
513,JSS2,12-01-2023,Male,21
513,JSS3,12-01-2023,Male,35
513,SSS1,12-01-2023,Male,30
513,SSS2,12-01-2023,Male,23
513,SSS3,12-01-2023,Male,20
513,JSS1,12-01-2023,Female,62
513,JSS2,12-01-2023,Female,49
513,JSS3,12-01-2023,Female,40
513,SSS1,12-01-2023,Female,45
513,SSS2,12-01-2023,Female,36
513,SSS3,12-01-2023,Female,34
507,JSS1,12-01-2023,Male,29
507,JSS2,12-01-2023,Male,13
507,JSS3,12-01-2023,Male,12
507,SSS1,12-01-2023,Male,16
507,SSS2,12-01-2023,Male,12
507,SSS3,12-01-2023,Male,23
507,JSS1,12-01-2023,Female,29
507,JSS2,12-01-2023,Female,14
507,JSS3,12-01-2023,Female,16
507,SSS1,12-01-2023,Female,16
507,SSS2,12-01-2023,Female,18
507,SSS3,12-01-2023,Female,25
508,JSS1,12-01-2023,Male,40
508,JSS2,12-01-2023,Male,18
508,JSS3,12-01-2023,Male,23
508,SSS1,12-01-2023,Male,6
508,SSS2,12-01-2023,Male,6
508,SSS3,12-01-2023,Male,16
508,JSS1,12-01-2023,Female,24
508,JSS2,12-01-2023,Female,20
508,JSS3,12-01-2023,Female,15
508,SSS1,12-01-2023,Female,19
508,SSS2,12-01-2023,Female,10
508,SSS3,12-01-2023,Female,14
512,JSS1,12-01-2023,Male,39
512,JSS2,12-01-2023,Male,41
512,JSS3,12-01-2023,Male,36
512,SSS1,12-01-2023,Male,35
512,SSS2,12-01-2023,Male,26
512,SSS3,12-01-2023,Male,29
512,JSS1,12-01-2023,Female,38
512,JSS2,12-01-2023,Female,33
512,JSS3,12-01-2023,Female,38
512,SSS1,12-01-2023,Female,37
512,SSS2,12-01-2023,Female,33
512,SSS3,12-01-2023,Female,40
515,JSS1,12-01-2023,Male,61
515,JSS2,12-01-2023,Male,47
515,JSS3,12-01-2023,Male,56
515,SSS1,12-01-2023,Male,20
515,SSS2,12-01-2023,Male,37
515,SSS3,12-01-2023,Male,30
515,JSS1,12-01-2023,Female,34
515,JSS2,12-01-2023,Female,44
515,JSS3,12-01-2023,Female,44
515,SSS1,12-01-2023,Female,44
515,SSS2,12-01-2023,Female,38
515,SSS3,12-01-2023,Female,44
510,JSS1,12-01-2023,Male,50
510,JSS2,12-01-2023,Male,70
510,JSS3,12-01-2023,Male,55
510,SSS1,12-01-2023,Male,44
510,SSS2,12-01-2023,Male,37
510,SSS3,12-01-2023,Male,12
510,JSS1,12-01-2023,Female,150
510,JSS2,12-01-2023,Female,92
510,JSS3,12-01-2023,Female,107
510,SSS1,12-01-2023,Female,72
510,SSS2,12-01-2023,Female,68
510,SSS3,12-01-2023,Female,47
505,JSS1,12-01-2023,Male,19
505,JSS2,12-01-2023,Male,21
505,JSS3,12-01-2023,Male,12
505,SSS1,12-01-2023,Male,12
505,SSS2,12-01-2023,Male,10
505,SSS3,12-01-2023,Male,10
505,JSS1,12-01-2023,Female,21
505,JSS2,12-01-2023,Female,17
505,JSS3,12-01-2023,Female,26
505,SSS1,12-01-2023,Female,11
505,SSS2,12-01-2023,Female,20
505,SSS3,12-01-2023,Female,11
514,JSS1,12-01-2023,Male,34
514,JSS2,12-01-2023,Male,22
514,JSS3,12-01-2023,Male,18
514,SSS1,12-01-2023,Male,18
514,SSS2,12-01-2023,Male,11
514,SSS3,12-01-2023,Male,26
514,JSS1,12-01-2023,Female,0
514,JSS2,12-01-2023,Female,0
514,JSS3,12-01-2023,Female,0
514,SSS1,12-01-2023,Female,0
514,SSS2,12-01-2023,Female,0
514,SSS3,12-01-2023,Female,0
503,JSS1,12-01-2023,Male,18
503,JSS2,12-01-2023,Male,19
503,JSS3,12-01-2023,Male,21
503,SSS1,12-01-2023,Male,16
503,SSS2,12-01-2023,Male,12
503,SSS3,12-01-2023,Male,6
503,JSS1,12-01-2023,Female,17
503,JSS2,12-01-2023,Female,19
503,JSS3,12-01-2023,Female,19
503,SSS1,12-01-2023,Female,17
503,SSS2,12-01-2023,Female,12
503,SSS3,12-01-2023,Female,13
501,JSS1,12-01-2023,Male,0
501,JSS2,12-01-2023,Male,0
501,JSS3,12-01-2023,Male,0
501,SSS1,12-01-2023,Male,0
501,SSS2,12-01-2023,Male,0
501,SSS3,12-01-2023,Male,0
501,JSS1,12-01-2023,Female,64
501,JSS2,12-01-2023,Female,36
501,JSS3,12-01-2023,Female,37
501,SSS1,12-01-2023,Female,45
501,SSS2,12-01-2023,Female,19
501,SSS3,12-01-2023,Female,38
502,JSS1,12-01-2023,Male,0
502,JSS2,12-01-2023,Male,0
502,JSS3,12-01-2023,Male,0
502,SSS1,12-01-2023,Male,0
502,SSS2,12-01-2023,Male,0
502,SSS3,12-01-2023,Male,0
502,JSS1,12-01-2023,Female,0
502,JSS2,12-01-2023,Female,0
502,JSS3,12-01-2023,Female,0
502,SSS1,12-01-2023,Female,0
502,SSS2,12-01-2023,Female,0
502,SSS3,12-01-2023,Female,0
335,JSS1,12-01-2023,Male,77
335,JSS2,12-01-2023,Male,80
335,JSS3,12-01-2023,Male,72
335,SSS1,12-01-2023,Male,62
335,SSS2,12-01-2023,Male,51
335,SSS3,12-01-2023,Male,55
335,JSS1,12-01-2023,Female,66
335,JSS2,12-01-2023,Female,66
335,JSS3,12-01-2023,Female,72
335,SSS1,12-01-2023,Female,63
335,SSS2,12-01-2023,Female,99
335,SSS3,12-01-2023,Female,44
323,JSS1,12-01-2023,Male,20
323,JSS2,12-01-2023,Male,47
323,JSS3,12-01-2023,Male,30
323,SSS1,12-01-2023,Male,30
323,SSS2,12-01-2023,Male,24
323,SSS3,12-01-2023,Male,39
323,JSS1,12-01-2023,Female,58
323,JSS2,12-01-2023,Female,40
323,JSS3,12-01-2023,Female,45
323,SSS1,12-01-2023,Female,38
323,SSS2,12-01-2023,Female,36
323,SSS3,12-01-2023,Female,41
326,JSS1,12-01-2023,Male,15
326,JSS2,12-01-2023,Male,11
326,JSS3,12-01-2023,Male,8
326,SSS1,12-01-2023,Male,7
326,SSS2,12-01-2023,Male,4
326,SSS3,12-01-2023,Male,33
326,JSS1,12-01-2023,Female,7
326,JSS2,12-01-2023,Female,6
326,JSS3,12-01-2023,Female,9
326,SSS1,12-01-2023,Female,3
326,SSS2,12-01-2023,Female,5
326,SSS3,12-01-2023,Female,47
327,JSS1,12-01-2023,Male,6
327,JSS2,12-01-2023,Male,9
327,JSS3,12-01-2023,Male,4
327,SSS1,12-01-2023,Male,5
327,SSS2,12-01-2023,Male,5
327,SSS3,12-01-2023,Male,5
327,JSS1,12-01-2023,Female,12
327,JSS2,12-01-2023,Female,8
327,JSS3,12-01-2023,Female,12
327,SSS1,12-01-2023,Female,4
327,SSS2,12-01-2023,Female,3
327,SSS3,12-01-2023,Female,7
333,JSS1,12-01-2023,Male,127
333,JSS2,12-01-2023,Male,89
333,JSS3,12-01-2023,Male,150
333,SSS1,12-01-2023,Male,103
333,SSS2,12-01-2023,Male,106
333,SSS3,12-01-2023,Male,115
333,JSS1,12-01-2023,Female,72
333,JSS2,12-01-2023,Female,96
333,JSS3,12-01-2023,Female,117
333,SSS1,12-01-2023,Female,72
333,SSS2,12-01-2023,Female,89
333,SSS3,12-01-2023,Female,80
338,JSS1,12-01-2023,Male,190
338,JSS2,12-01-2023,Male,88
338,JSS3,12-01-2023,Male,84
338,SSS1,12-01-2023,Male,89
338,SSS2,12-01-2023,Male,64
338,SSS3,12-01-2023,Male,69
338,JSS1,12-01-2023,Female,149
338,JSS2,12-01-2023,Female,100
338,JSS3,12-01-2023,Female,100
338,SSS1,12-01-2023,Female,115
338,SSS2,12-01-2023,Female,123
338,SSS3,12-01-2023,Female,116
328,JSS1,12-01-2023,Male,54
328,JSS2,12-01-2023,Male,35
328,JSS3,12-01-2023,Male,43
328,SSS1,12-01-2023,Male,32
328,SSS2,12-01-2023,Male,27
328,SSS3,12-01-2023,Male,26
328,JSS1,12-01-2023,Female,34
328,JSS2,12-01-2023,Female,34
328,JSS3,12-01-2023,Female,54
328,SSS1,12-01-2023,Female,29
328,SSS2,12-01-2023,Female,41
328,SSS3,12-01-2023,Female,60
337,JSS1,12-01-2023,Male,84
337,JSS2,12-01-2023,Male,50
337,JSS3,12-01-2023,Male,80
337,SSS1,12-01-2023,Male,59
337,SSS2,12-01-2023,Male,50
337,SSS3,12-01-2023,Male,69
337,JSS1,12-01-2023,Female,104
337,JSS2,12-01-2023,Female,68
337,JSS3,12-01-2023,Female,90
337,SSS1,12-01-2023,Female,80
337,SSS2,12-01-2023,Female,89
337,SSS3,12-01-2023,Female,81
324,JSS1,12-01-2023,Male,108
324,JSS2,12-01-2023,Male,104
324,JSS3,12-01-2023,Male,76
324,SSS1,12-01-2023,Male,82
324,SSS2,12-01-2023,Male,58
324,SSS3,12-01-2023,Male,42
324,JSS1,12-01-2023,Female,0
324,JSS2,12-01-2023,Female,0
324,JSS3,12-01-2023,Female,0
324,SSS1,12-01-2023,Female,0
324,SSS2,12-01-2023,Female,0
324,SSS3,12-01-2023,Female,0
332,JSS1,12-01-2023,Male,0
332,JSS2,12-01-2023,Male,0
332,JSS3,12-01-2023,Male,0
332,SSS1,12-01-2023,Male,0
332,SSS2,12-01-2023,Male,0
332,SSS3,12-01-2023,Male,0
332,JSS1,12-01-2023,Female,44
332,JSS2,12-01-2023,Female,47
332,JSS3,12-01-2023,Female,51
332,SSS1,12-01-2023,Female,52
332,SSS2,12-01-2023,Female,50
332,SSS3,12-01-2023,Female,50
329,JSS1,12-01-2023,Male,18
329,JSS2,12-01-2023,Male,17
329,JSS3,12-01-2023,Male,22
329,SSS1,12-01-2023,Male,18
329,SSS2,12-01-2023,Male,20
329,SSS3,12-01-2023,Male,13
329,JSS1,12-01-2023,Female,26
329,JSS2,12-01-2023,Female,18
329,JSS3,12-01-2023,Female,15
329,SSS1,12-01-2023,Female,21
329,SSS2,12-01-2023,Female,14
329,SSS3,12-01-2023,Female,21
336,JSS1,12-01-2023,Male,45
336,JSS2,12-01-2023,Male,46
336,JSS3,12-01-2023,Male,31
336,SSS1,12-01-2023,Male,23
336,SSS2,12-01-2023,Male,37
336,SSS3,12-01-2023,Male,21
336,JSS1,12-01-2023,Female,0
336,JSS2,12-01-2023,Female,0
336,JSS3,12-01-2023,Female,0
336,SSS1,12-01-2023,Female,0
336,SSS2,12-01-2023,Female,0
336,SSS3,12-01-2023,Female,0
330,JSS1,12-01-2023,Male,15
330,JSS2,12-01-2023,Male,25
330,JSS3,12-01-2023,Male,22
330,SSS1,12-01-2023,Male,20
330,SSS2,12-01-2023,Male,20
330,SSS3,12-01-2023,Male,35
330,JSS1,12-01-2023,Female,31
330,JSS2,12-01-2023,Female,37
330,JSS3,12-01-2023,Female,44
330,SSS1,12-01-2023,Female,24
330,SSS2,12-01-2023,Female,35
330,SSS3,12-01-2023,Female,54
334,JSS1,12-01-2023,Male,0
334,JSS2,12-01-2023,Male,0
334,JSS3,12-01-2023,Male,0
334,SSS1,12-01-2023,Male,0
334,SSS2,12-01-2023,Male,0
334,SSS3,12-01-2023,Male,0
334,JSS1,12-01-2023,Female,215
334,JSS2,12-01-2023,Female,209
334,JSS3,12-01-2023,Female,174
334,SSS1,12-01-2023,Female,122
334,SSS2,12-01-2023,Female,158
334,SSS3,12-01-2023,Female,82
331,JSS1,12-01-2023,Male,101
331,JSS2,12-01-2023,Male,38
331,JSS3,12-01-2023,Male,72
331,SSS1,12-01-2023,Male,76
331,SSS2,12-01-2023,Male,36
331,SSS3,12-01-2023,Male,72
331,JSS1,12-01-2023,Female,72
331,JSS2,12-01-2023,Female,34
331,JSS3,12-01-2023,Female,59
331,SSS1,12-01-2023,Female,75
331,SSS2,12-01-2023,Female,87
331,SSS3,12-01-2023,Female,73
325,JSS1,12-01-2023,Male,200
325,JSS2,12-01-2023,Male,193
325,JSS3,12-01-2023,Male,187
325,SSS1,12-01-2023,Male,158
325,SSS2,12-01-2023,Male,124
325,SSS3,12-01-2023,Male,104
325,JSS1,12-01-2023,Female,217
325,JSS2,12-01-2023,Female,217
325,JSS3,12-01-2023,Female,216
325,SSS1,12-01-2023,Female,186
325,SSS2,12-01-2023,Female,165
325,SSS3,12-01-2023,Female,137
477,JSS1,12-01-2023,Male,40
477,JSS2,12-01-2023,Male,46
477,JSS3,12-01-2023,Male,35
477,SSS1,12-01-2023,Male,19
477,SSS2,12-01-2023,Male,19
477,SSS3,12-01-2023,Male,21
477,JSS1,12-01-2023,Female,51
477,JSS2,12-01-2023,Female,39
477,JSS3,12-01-2023,Female,23
477,SSS1,12-01-2023,Female,25
477,SSS2,12-01-2023,Female,28
477,SSS3,12-01-2023,Female,29
478,JSS1,12-01-2023,Male,0
478,JSS2,12-01-2023,Male,0
478,JSS3,12-01-2023,Male,0
478,SSS1,12-01-2023,Male,0
478,SSS2,12-01-2023,Male,0
478,SSS3,12-01-2023,Male,0
478,JSS1,12-01-2023,Female,0
478,JSS2,12-01-2023,Female,0
478,JSS3,12-01-2023,Female,0
478,SSS1,12-01-2023,Female,0
478,SSS2,12-01-2023,Female,0
478,SSS3,12-01-2023,Female,0
471,JSS1,12-01-2023,Male,0
471,JSS2,12-01-2023,Male,0
471,JSS3,12-01-2023,Male,0
471,SSS1,12-01-2023,Male,0
471,SSS2,12-01-2023,Male,0
471,SSS3,12-01-2023,Male,0
471,JSS1,12-01-2023,Female,49
471,JSS2,12-01-2023,Female,46
471,JSS3,12-01-2023,Female,42
471,SSS1,12-01-2023,Female,58
471,SSS2,12-01-2023,Female,33
471,SSS3,12-01-2023,Female,47
472,JSS1,12-01-2023,Male,0
472,JSS2,12-01-2023,Male,0
472,JSS3,12-01-2023,Male,0
472,SSS1,12-01-2023,Male,0
472,SSS2,12-01-2023,Male,0
472,SSS3,12-01-2023,Male,0
472,JSS1,12-01-2023,Female,143
472,JSS2,12-01-2023,Female,108
472,JSS3,12-01-2023,Female,135
472,SSS1,12-01-2023,Female,119
472,SSS2,12-01-2023,Female,96
472,SSS3,12-01-2023,Female,81
479,JSS1,12-01-2023,Male,222
479,JSS2,12-01-2023,Male,174
479,JSS3,12-01-2023,Male,145
479,SSS1,12-01-2023,Male,187
479,SSS2,12-01-2023,Male,140
479,SSS3,12-01-2023,Male,126
479,JSS1,12-01-2023,Female,0
479,JSS2,12-01-2023,Female,0
479,JSS3,12-01-2023,Female,0
479,SSS1,12-01-2023,Female,0
479,SSS2,12-01-2023,Female,0
479,SSS3,12-01-2023,Female,0
476,JSS1,12-01-2023,Male,38
476,JSS2,12-01-2023,Male,43
476,JSS3,12-01-2023,Male,51
476,SSS1,12-01-2023,Male,36
476,SSS2,12-01-2023,Male,31
476,SSS3,12-01-2023,Male,37
476,JSS1,12-01-2023,Female,27
476,JSS2,12-01-2023,Female,15
476,JSS3,12-01-2023,Female,36
476,SSS1,12-01-2023,Female,51
476,SSS2,12-01-2023,Female,40
476,SSS3,12-01-2023,Female,35
469,JSS1,12-01-2023,Male,36
469,JSS2,12-01-2023,Male,40
469,JSS3,12-01-2023,Male,18
469,SSS1,12-01-2023,Male,20
469,SSS2,12-01-2023,Male,15
469,SSS3,12-01-2023,Male,25
469,JSS1,12-01-2023,Female,9
469,JSS2,12-01-2023,Female,14
469,JSS3,12-01-2023,Female,14
469,SSS1,12-01-2023,Female,11
469,SSS2,12-01-2023,Female,13
469,SSS3,12-01-2023,Female,21
470,JSS1,12-01-2023,Male,23
470,JSS2,12-01-2023,Male,21
470,JSS3,12-01-2023,Male,30
470,SSS1,12-01-2023,Male,20
470,SSS2,12-01-2023,Male,30
470,SSS3,12-01-2023,Male,51
470,JSS1,12-01-2023,Female,13
470,JSS2,12-01-2023,Female,11
470,JSS3,12-01-2023,Female,14
470,SSS1,12-01-2023,Female,11
470,SSS2,12-01-2023,Female,15
470,SSS3,12-01-2023,Female,19
480,JSS1,12-01-2023,Male,53
480,JSS2,12-01-2023,Male,47
480,JSS3,12-01-2023,Male,52
480,SSS1,12-01-2023,Male,27
480,SSS2,12-01-2023,Male,29
480,SSS3,12-01-2023,Male,23
480,JSS1,12-01-2023,Female,67
480,JSS2,12-01-2023,Female,68
480,JSS3,12-01-2023,Female,54
480,SSS1,12-01-2023,Female,27
480,SSS2,12-01-2023,Female,38
480,SSS3,12-01-2023,Female,52
473,JSS1,12-01-2023,Male,0
473,JSS2,12-01-2023,Male,0
473,JSS3,12-01-2023,Male,0
473,SSS1,12-01-2023,Male,0
473,SSS2,12-01-2023,Male,0
473,SSS3,12-01-2023,Male,0
473,JSS1,12-01-2023,Female,41
473,JSS2,12-01-2023,Female,36
473,JSS3,12-01-2023,Female,49
473,SSS1,12-01-2023,Female,57
473,SSS2,12-01-2023,Female,55
473,SSS3,12-01-2023,Female,46
475,JSS1,12-01-2023,Male,110
475,JSS2,12-01-2023,Male,90
475,JSS3,12-01-2023,Male,81
475,SSS1,12-01-2023,Male,94
475,SSS2,12-01-2023,Male,74
475,SSS3,12-01-2023,Male,64
475,JSS1,12-01-2023,Female,0
475,JSS2,12-01-2023,Female,0
475,JSS3,12-01-2023,Female,0
475,SSS1,12-01-2023,Female,0
475,SSS2,12-01-2023,Female,0
475,SSS3,12-01-2023,Female,0
468,JSS1,12-01-2023,Male,63
468,JSS2,12-01-2023,Male,73
468,JSS3,12-01-2023,Male,81
468,SSS1,12-01-2023,Male,37
468,SSS2,12-01-2023,Male,25
468,SSS3,12-01-2023,Male,31
468,JSS1,12-01-2023,Female,0
468,JSS2,12-01-2023,Female,0
468,JSS3,12-01-2023,Female,0
468,SSS1,12-01-2023,Female,0
468,SSS2,12-01-2023,Female,0
468,SSS3,12-01-2023,Female,0
474,JSS1,12-01-2023,Male,0
474,JSS2,12-01-2023,Male,0
474,JSS3,12-01-2023,Male,0
474,SSS1,12-01-2023,Male,0
474,SSS2,12-01-2023,Male,0
474,SSS3,12-01-2023,Male,0
474,JSS1,12-01-2023,Female,120
474,JSS2,12-01-2023,Female,100
474,JSS3,12-01-2023,Female,121
474,SSS1,12-01-2023,Female,90
474,SSS2,12-01-2023,Female,82
474,SSS3,12-01-2023,Female,107
986,JSS1,12-01-2023,Male,26
986,JSS2,12-01-2023,Male,19
986,JSS3,12-01-2023,Male,18
986,SSS1,12-01-2023,Male,16
986,SSS2,12-01-2023,Male,14
986,SSS3,12-01-2023,Male,27
986,JSS1,12-01-2023,Female,1
986,JSS2,12-01-2023,Female,7
986,JSS3,12-01-2023,Female,10
986,SSS1,12-01-2023,Female,8
986,SSS2,12-01-2023,Female,11
986,SSS3,12-01-2023,Female,24
992,JSS1,12-01-2023,Male,23
992,JSS2,12-01-2023,Male,12
992,JSS3,12-01-2023,Male,5
992,SSS1,12-01-2023,Male,8
992,SSS2,12-01-2023,Male,6
992,SSS3,12-01-2023,Male,10
992,JSS1,12-01-2023,Female,12
992,JSS2,12-01-2023,Female,8
992,JSS3,12-01-2023,Female,11
992,SSS1,12-01-2023,Female,9
992,SSS2,12-01-2023,Female,9
992,SSS3,12-01-2023,Female,22
988,JSS1,12-01-2023,Male,20
988,JSS2,12-01-2023,Male,30
988,JSS3,12-01-2023,Male,20
988,SSS1,12-01-2023,Male,20
988,SSS2,12-01-2023,Male,15
988,SSS3,12-01-2023,Male,30
988,JSS1,12-01-2023,Female,35
988,JSS2,12-01-2023,Female,22
988,JSS3,12-01-2023,Female,40
988,SSS1,12-01-2023,Female,28
988,SSS2,12-01-2023,Female,33
988,SSS3,12-01-2023,Female,49
985,JSS1,12-01-2023,Male,15
985,JSS2,12-01-2023,Male,51
985,JSS3,12-01-2023,Male,72
985,SSS1,12-01-2023,Male,35
985,SSS2,12-01-2023,Male,55
985,SSS3,12-01-2023,Male,56
985,JSS1,12-01-2023,Female,19
985,JSS2,12-01-2023,Female,64
985,JSS3,12-01-2023,Female,85
985,SSS1,12-01-2023,Female,37
985,SSS2,12-01-2023,Female,57
985,SSS3,12-01-2023,Female,50
983,JSS1,12-01-2023,Male,30
983,JSS2,12-01-2023,Male,26
983,JSS3,12-01-2023,Male,16
983,SSS1,12-01-2023,Male,12
983,SSS2,12-01-2023,Male,16
983,SSS3,12-01-2023,Male,20
983,JSS1,12-01-2023,Female,22
983,JSS2,12-01-2023,Female,16
983,JSS3,12-01-2023,Female,18
983,SSS1,12-01-2023,Female,12
983,SSS2,12-01-2023,Female,7
983,SSS3,12-01-2023,Female,13
989,JSS1,12-01-2023,Male,60
989,JSS2,12-01-2023,Male,80
989,JSS3,12-01-2023,Male,80
989,SSS1,12-01-2023,Male,68
989,SSS2,12-01-2023,Male,30
989,SSS3,12-01-2023,Male,40
989,JSS1,12-01-2023,Female,76
989,JSS2,12-01-2023,Female,124
989,JSS3,12-01-2023,Female,94
989,SSS1,12-01-2023,Female,92
989,SSS2,12-01-2023,Female,41
989,SSS3,12-01-2023,Female,111
984,JSS1,12-01-2023,Male,187
984,JSS2,12-01-2023,Male,143
984,JSS3,12-01-2023,Male,176
984,SSS1,12-01-2023,Male,135
984,SSS2,12-01-2023,Male,141
984,SSS3,12-01-2023,Male,111
984,JSS1,12-01-2023,Female,114
984,JSS2,12-01-2023,Female,131
984,JSS3,12-01-2023,Female,119
984,SSS1,12-01-2023,Female,125
984,SSS2,12-01-2023,Female,136
984,SSS3,12-01-2023,Female,85
991,JSS1,12-01-2023,Male,0
991,JSS2,12-01-2023,Male,0
991,JSS3,12-01-2023,Male,0
991,SSS1,12-01-2023,Male,0
991,SSS2,12-01-2023,Male,0
991,SSS3,12-01-2023,Male,0
991,JSS1,12-01-2023,Female,84
991,JSS2,12-01-2023,Female,86
991,JSS3,12-01-2023,Female,77
991,SSS1,12-01-2023,Female,75
991,SSS2,12-01-2023,Female,92
991,SSS3,12-01-2023,Female,92
990,JSS1,12-01-2023,Male,30
990,JSS2,12-01-2023,Male,26
990,JSS3,12-01-2023,Male,34
990,SSS1,12-01-2023,Male,23
990,SSS2,12-01-2023,Male,54
990,SSS3,12-01-2023,Male,40
990,JSS1,12-01-2023,Female,30
990,JSS2,12-01-2023,Female,34
990,JSS3,12-01-2023,Female,34
990,SSS1,12-01-2023,Female,27
990,SSS2,12-01-2023,Female,23
990,SSS3,12-01-2023,Female,42
987,JSS1,12-01-2023,Male,24
987,JSS2,12-01-2023,Male,31
987,JSS3,12-01-2023,Male,24
987,SSS1,12-01-2023,Male,20
987,SSS2,12-01-2023,Male,20
987,SSS3,12-01-2023,Male,20
987,JSS1,12-01-2023,Female,33
987,JSS2,12-01-2023,Female,16
987,JSS3,12-01-2023,Female,22
987,SSS1,12-01-2023,Female,21
987,SSS2,12-01-2023,Female,18
987,SSS3,12-01-2023,Female,22
993,JSS1,12-01-2023,Male,0
993,JSS2,12-01-2023,Male,0
993,JSS3,12-01-2023,Male,0
993,SSS1,12-01-2023,Male,0
993,SSS2,12-01-2023,Male,0
993,SSS3,12-01-2023,Male,0
993,JSS1,12-01-2023,Female,65
993,JSS2,12-01-2023,Female,50
993,JSS3,12-01-2023,Female,68
993,SSS1,12-01-2023,Female,50
993,SSS2,12-01-2023,Female,38
993,SSS3,12-01-2023,Female,34
792,JSS1,12-01-2023,Male,216
792,JSS2,12-01-2023,Male,196
792,JSS3,12-01-2023,Male,186
792,SSS1,12-01-2023,Male,196
792,SSS2,12-01-2023,Male,169
792,SSS3,12-01-2023,Male,185
792,JSS1,12-01-2023,Female,0
792,JSS2,12-01-2023,Female,0
792,JSS3,12-01-2023,Female,0
792,SSS1,12-01-2023,Female,0
792,SSS2,12-01-2023,Female,0
792,SSS3,12-01-2023,Female,0
790,JSS1,12-01-2023,Male,0
790,JSS2,12-01-2023,Male,0
790,JSS3,12-01-2023,Male,0
790,SSS1,12-01-2023,Male,0
790,SSS2,12-01-2023,Male,0
790,SSS3,12-01-2023,Male,0
790,JSS1,12-01-2023,Female,205
790,JSS2,12-01-2023,Female,218
790,JSS3,12-01-2023,Female,189
790,SSS1,12-01-2023,Female,211
790,SSS2,12-01-2023,Female,210
790,SSS3,12-01-2023,Female,172
802,JSS1,12-01-2023,Male,0
802,JSS2,12-01-2023,Male,0
802,JSS3,12-01-2023,Male,0
802,SSS1,12-01-2023,Male,0
802,SSS2,12-01-2023,Male,0
802,SSS3,12-01-2023,Male,0
802,JSS1,12-01-2023,Female,338
802,JSS2,12-01-2023,Female,286
802,JSS3,12-01-2023,Female,288
802,SSS1,12-01-2023,Female,361
802,SSS2,12-01-2023,Female,209
802,SSS3,12-01-2023,Female,202
789,JSS1,12-01-2023,Male,0
789,JSS2,12-01-2023,Male,0
789,JSS3,12-01-2023,Male,0
789,SSS1,12-01-2023,Male,0
789,SSS2,12-01-2023,Male,0
789,SSS3,12-01-2023,Male,0
789,JSS1,12-01-2023,Female,361
789,JSS2,12-01-2023,Female,453
789,JSS3,12-01-2023,Female,411
789,SSS1,12-01-2023,Female,401
789,SSS2,12-01-2023,Female,284
789,SSS3,12-01-2023,Female,350
803,JSS1,12-01-2023,Male,237
803,JSS2,12-01-2023,Male,204
803,JSS3,12-01-2023,Male,199
803,SSS1,12-01-2023,Male,164
803,SSS2,12-01-2023,Male,162
803,SSS3,12-01-2023,Male,127
803,JSS1,12-01-2023,Female,0
803,JSS2,12-01-2023,Female,0
803,JSS3,12-01-2023,Female,0
803,SSS1,12-01-2023,Female,0
803,SSS2,12-01-2023,Female,0
803,SSS3,12-01-2023,Female,0
793,JSS1,12-01-2023,Male,0
793,JSS2,12-01-2023,Male,0
793,JSS3,12-01-2023,Male,0
793,SSS1,12-01-2023,Male,0
793,SSS2,12-01-2023,Male,0
793,SSS3,12-01-2023,Male,0
793,JSS1,12-01-2023,Female,277
793,JSS2,12-01-2023,Female,270
793,JSS3,12-01-2023,Female,285
793,SSS1,12-01-2023,Female,292
793,SSS2,12-01-2023,Female,197
793,SSS3,12-01-2023,Female,240
797,JSS1,12-01-2023,Male,0
797,JSS2,12-01-2023,Male,0
797,JSS3,12-01-2023,Male,0
797,SSS1,12-01-2023,Male,0
797,SSS2,12-01-2023,Male,0
797,SSS3,12-01-2023,Male,0
797,JSS1,12-01-2023,Female,216
797,JSS2,12-01-2023,Female,201
797,JSS3,12-01-2023,Female,226
797,SSS1,12-01-2023,Female,216
797,SSS2,12-01-2023,Female,310
797,SSS3,12-01-2023,Female,247
795,JSS1,12-01-2023,Male,0
795,JSS2,12-01-2023,Male,0
795,JSS3,12-01-2023,Male,0
795,SSS1,12-01-2023,Male,0
795,SSS2,12-01-2023,Male,0
795,SSS3,12-01-2023,Male,0
795,JSS1,12-01-2023,Female,420
795,JSS2,12-01-2023,Female,430
795,JSS3,12-01-2023,Female,418
795,SSS1,12-01-2023,Female,431
795,SSS2,12-01-2023,Female,322
795,SSS3,12-01-2023,Female,318
804,JSS1,12-01-2023,Male,235
804,JSS2,12-01-2023,Male,197
804,JSS3,12-01-2023,Male,198
804,SSS1,12-01-2023,Male,163
804,SSS2,12-01-2023,Male,130
804,SSS3,12-01-2023,Male,162
804,JSS1,12-01-2023,Female,45
804,JSS2,12-01-2023,Female,55
804,JSS3,12-01-2023,Female,88
804,SSS1,12-01-2023,Female,62
804,SSS2,12-01-2023,Female,70
804,SSS3,12-01-2023,Female,71
800,JSS1,12-01-2023,Male,77
800,JSS2,12-01-2023,Male,98
800,JSS3,12-01-2023,Male,76
800,SSS1,12-01-2023,Male,62
800,SSS2,12-01-2023,Male,64
800,SSS3,12-01-2023,Male,58
800,JSS1,12-01-2023,Female,0
800,JSS2,12-01-2023,Female,0
800,JSS3,12-01-2023,Female,0
800,SSS1,12-01-2023,Female,0
800,SSS2,12-01-2023,Female,0
800,SSS3,12-01-2023,Female,0
801,JSS1,12-01-2023,Male,202
801,JSS2,12-01-2023,Male,163
801,JSS3,12-01-2023,Male,200
801,SSS1,12-01-2023,Male,220
801,SSS2,12-01-2023,Male,150
801,SSS3,12-01-2023,Male,110
801,JSS1,12-01-2023,Female,170
801,JSS2,12-01-2023,Female,75
801,JSS3,12-01-2023,Female,64
801,SSS1,12-01-2023,Female,145
801,SSS2,12-01-2023,Female,142
801,SSS3,12-01-2023,Female,110
791,JSS1,12-01-2023,Male,264
791,JSS2,12-01-2023,Male,192
791,JSS3,12-01-2023,Male,206
791,SSS1,12-01-2023,Male,200
791,SSS2,12-01-2023,Male,140
791,SSS3,12-01-2023,Male,158
791,JSS1,12-01-2023,Female,160
791,JSS2,12-01-2023,Female,133
791,JSS3,12-01-2023,Female,120
791,SSS1,12-01-2023,Female,102
791,SSS2,12-01-2023,Female,120
791,SSS3,12-01-2023,Female,100
796,JSS1,12-01-2023,Male,100
796,JSS2,12-01-2023,Male,93
796,JSS3,12-01-2023,Male,75
796,SSS1,12-01-2023,Male,65
796,SSS2,12-01-2023,Male,61
796,SSS3,12-01-2023,Male,44
796,JSS1,12-01-2023,Female,15
796,JSS2,12-01-2023,Female,11
796,JSS3,12-01-2023,Female,14
796,SSS1,12-01-2023,Female,15
796,SSS2,12-01-2023,Female,16
796,SSS3,12-01-2023,Female,11
794,JSS1,12-01-2023,Male,275
794,JSS2,12-01-2023,Male,247
794,JSS3,12-01-2023,Male,271
794,SSS1,12-01-2023,Male,351
794,SSS2,12-01-2023,Male,288
794,SSS3,12-01-2023,Male,257
794,JSS1,12-01-2023,Female,11
794,JSS2,12-01-2023,Female,0
794,JSS3,12-01-2023,Female,1
794,SSS1,12-01-2023,Female,6
794,SSS2,12-01-2023,Female,3
794,SSS3,12-01-2023,Female,4
798,JSS1,12-01-2023,Male,117
798,JSS2,12-01-2023,Male,114
798,JSS3,12-01-2023,Male,118
798,SSS1,12-01-2023,Male,92
798,SSS2,12-01-2023,Male,81
798,SSS3,12-01-2023,Male,104
798,JSS1,12-01-2023,Female,130
798,JSS2,12-01-2023,Female,95
798,JSS3,12-01-2023,Female,110
798,SSS1,12-01-2023,Female,100
798,SSS2,12-01-2023,Female,92
798,SSS3,12-01-2023,Female,96
799,JSS1,12-01-2023,Male,126
799,JSS2,12-01-2023,Male,123
799,JSS3,12-01-2023,Male,112
799,SSS1,12-01-2023,Male,76
799,SSS2,12-01-2023,Male,84
799,SSS3,12-01-2023,Male,78
799,JSS1,12-01-2023,Female,58
799,JSS2,12-01-2023,Female,54
799,JSS3,12-01-2023,Female,54
799,SSS1,12-01-2023,Female,32
799,SSS2,12-01-2023,Female,34
799,SSS3,12-01-2023,Female,44
108,JSS1,12-01-2023,Male,273
108,JSS2,12-01-2023,Male,241
108,JSS3,12-01-2023,Male,186
108,SSS1,12-01-2023,Male,257
108,SSS2,12-01-2023,Male,176
108,SSS3,12-01-2023,Male,130
108,JSS1,12-01-2023,Female,0
108,JSS2,12-01-2023,Female,0
108,JSS3,12-01-2023,Female,0
108,SSS1,12-01-2023,Female,0
108,SSS2,12-01-2023,Female,0
108,SSS3,12-01-2023,Female,0
879,JSS1,12-01-2023,Male,251
879,JSS2,12-01-2023,Male,208
879,JSS3,12-01-2023,Male,197
879,SSS1,12-01-2023,Male,205
879,SSS2,12-01-2023,Male,147
879,SSS3,12-01-2023,Male,183
879,JSS1,12-01-2023,Female,138
879,JSS2,12-01-2023,Female,182
879,JSS3,12-01-2023,Female,172
879,SSS1,12-01-2023,Female,130
879,SSS2,12-01-2023,Female,123
879,SSS3,12-01-2023,Female,99
878,JSS1,12-01-2023,Male,152
878,JSS2,12-01-2023,Male,134
878,JSS3,12-01-2023,Male,163
878,SSS1,12-01-2023,Male,126
878,SSS2,12-01-2023,Male,143
878,SSS3,12-01-2023,Male,110
878,JSS1,12-01-2023,Female,97
878,JSS2,12-01-2023,Female,90
878,JSS3,12-01-2023,Female,85
878,SSS1,12-01-2023,Female,72
878,SSS2,12-01-2023,Female,90
878,SSS3,12-01-2023,Female,65
882,JSS1,12-01-2023,Male,0
882,JSS2,12-01-2023,Male,0
882,JSS3,12-01-2023,Male,0
882,SSS1,12-01-2023,Male,0
882,SSS2,12-01-2023,Male,0
882,SSS3,12-01-2023,Male,0
882,JSS1,12-01-2023,Female,371
882,JSS2,12-01-2023,Female,353
882,JSS3,12-01-2023,Female,414
882,SSS1,12-01-2023,Female,345
882,SSS2,12-01-2023,Female,360
882,SSS3,12-01-2023,Female,387
881,JSS1,12-01-2023,Male,206
881,JSS2,12-01-2023,Male,180
881,JSS3,12-01-2023,Male,211
881,SSS1,12-01-2023,Male,164
881,SSS2,12-01-2023,Male,127
881,SSS3,12-01-2023,Male,140
881,JSS1,12-01-2023,Female,0
881,JSS2,12-01-2023,Female,0
881,JSS3,12-01-2023,Female,0
881,SSS1,12-01-2023,Female,0
881,SSS2,12-01-2023,Female,0
881,SSS3,12-01-2023,Female,0
880,JSS1,12-01-2023,Male,11
880,JSS2,12-01-2023,Male,3
880,JSS3,12-01-2023,Male,12
880,SSS1,12-01-2023,Male,3
880,SSS2,12-01-2023,Male,6
880,SSS3,12-01-2023,Male,5
880,JSS1,12-01-2023,Female,9
880,JSS2,12-01-2023,Female,5
880,JSS3,12-01-2023,Female,6
880,SSS1,12-01-2023,Female,3
880,SSS2,12-01-2023,Female,4
880,SSS3,12-01-2023,Female,6
722,JSS1,12-01-2023,Male,7
722,JSS2,12-01-2023,Male,34
722,JSS3,12-01-2023,Male,35
722,SSS1,12-01-2023,Male,8
722,SSS2,12-01-2023,Male,25
722,SSS3,12-01-2023,Male,17
722,JSS1,12-01-2023,Female,16
722,JSS2,12-01-2023,Female,50
722,JSS3,12-01-2023,Female,60
722,SSS1,12-01-2023,Female,13
722,SSS2,12-01-2023,Female,11
722,SSS3,12-01-2023,Female,6
720,JSS1,12-01-2023,Male,67
720,JSS2,12-01-2023,Male,46
720,JSS3,12-01-2023,Male,65
720,SSS1,12-01-2023,Male,34
720,SSS2,12-01-2023,Male,50
720,SSS3,12-01-2023,Male,56
720,JSS1,12-01-2023,Female,90
720,JSS2,12-01-2023,Female,96
720,JSS3,12-01-2023,Female,143
720,SSS1,12-01-2023,Female,95
720,SSS2,12-01-2023,Female,93
720,SSS3,12-01-2023,Female,108
723,JSS1,12-01-2023,Male,248
723,JSS2,12-01-2023,Male,79
723,JSS3,12-01-2023,Male,108
723,SSS1,12-01-2023,Male,77
723,SSS2,12-01-2023,Male,70
723,SSS3,12-01-2023,Male,67
723,JSS1,12-01-2023,Female,213
723,JSS2,12-01-2023,Female,93
723,JSS3,12-01-2023,Female,85
723,SSS1,12-01-2023,Female,80
723,SSS2,12-01-2023,Female,78
723,SSS3,12-01-2023,Female,54
716,JSS1,12-01-2023,Male,15
716,JSS2,12-01-2023,Male,17
716,JSS3,12-01-2023,Male,34
716,SSS1,12-01-2023,Male,16
716,SSS2,12-01-2023,Male,10
716,SSS3,12-01-2023,Male,7
716,JSS1,12-01-2023,Female,25
716,JSS2,12-01-2023,Female,16
716,JSS3,12-01-2023,Female,23
716,SSS1,12-01-2023,Female,14
716,SSS2,12-01-2023,Female,20
716,SSS3,12-01-2023,Female,10
719,JSS1,12-01-2023,Male,40
719,JSS2,12-01-2023,Male,9
719,JSS3,12-01-2023,Male,12
719,SSS1,12-01-2023,Male,4
719,SSS2,12-01-2023,Male,1
719,SSS3,12-01-2023,Male,0
719,JSS1,12-01-2023,Female,58
719,JSS2,12-01-2023,Female,16
719,JSS3,12-01-2023,Female,6
719,SSS1,12-01-2023,Female,9
719,SSS2,12-01-2023,Female,1
719,SSS3,12-01-2023,Female,0
717,JSS1,12-01-2023,Male,27
717,JSS2,12-01-2023,Male,22
717,JSS3,12-01-2023,Male,12
717,SSS1,12-01-2023,Male,15
717,SSS2,12-01-2023,Male,15
717,SSS3,12-01-2023,Male,7
717,JSS1,12-01-2023,Female,36
717,JSS2,12-01-2023,Female,34
717,JSS3,12-01-2023,Female,20
717,SSS1,12-01-2023,Female,18
717,SSS2,12-01-2023,Female,28
717,SSS3,12-01-2023,Female,11
714,JSS1,12-01-2023,Male,32
714,JSS2,12-01-2023,Male,30
714,JSS3,12-01-2023,Male,34
714,SSS1,12-01-2023,Male,21
714,SSS2,12-01-2023,Male,22
714,SSS3,12-01-2023,Male,14
714,JSS1,12-01-2023,Female,24
714,JSS2,12-01-2023,Female,31
714,JSS3,12-01-2023,Female,19
714,SSS1,12-01-2023,Female,24
714,SSS2,12-01-2023,Female,19
714,SSS3,12-01-2023,Female,19
718,JSS1,12-01-2023,Male,50
718,JSS2,12-01-2023,Male,52
718,JSS3,12-01-2023,Male,74
718,SSS1,12-01-2023,Male,34
718,SSS2,12-01-2023,Male,54
718,SSS3,12-01-2023,Male,74
718,JSS1,12-01-2023,Female,30
718,JSS2,12-01-2023,Female,32
718,JSS3,12-01-2023,Female,42
718,SSS1,12-01-2023,Female,31
718,SSS2,12-01-2023,Female,23
718,SSS3,12-01-2023,Female,29
721,JSS1,12-01-2023,Male,61
721,JSS2,12-01-2023,Male,40
721,JSS3,12-01-2023,Male,53
721,SSS1,12-01-2023,Male,39
721,SSS2,12-01-2023,Male,21
721,SSS3,12-01-2023,Male,14
721,JSS1,12-01-2023,Female,29
721,JSS2,12-01-2023,Female,33
721,JSS3,12-01-2023,Female,50
721,SSS1,12-01-2023,Female,35
721,SSS2,12-01-2023,Female,21
721,SSS3,12-01-2023,Female,9
715,JSS1,12-01-2023,Male,26
715,JSS2,12-01-2023,Male,9
715,JSS3,12-01-2023,Male,12
715,SSS1,12-01-2023,Male,8
715,SSS2,12-01-2023,Male,1
715,SSS3,12-01-2023,Male,1
715,JSS1,12-01-2023,Female,17
715,JSS2,12-01-2023,Female,11
715,JSS3,12-01-2023,Female,12
715,SSS1,12-01-2023,Female,16
715,SSS2,12-01-2023,Female,4
715,SSS3,12-01-2023,Female,0
63,JSS1,12-01-2023,Male,53
63,JSS2,12-01-2023,Male,48
63,JSS3,12-01-2023,Male,71
63,SSS1,12-01-2023,Male,50
63,SSS2,12-01-2023,Male,56
63,SSS3,12-01-2023,Male,39
63,JSS1,12-01-2023,Female,0
63,JSS2,12-01-2023,Female,0
63,JSS3,12-01-2023,Female,0
63,SSS1,12-01-2023,Female,0
63,SSS2,12-01-2023,Female,0
63,SSS3,12-01-2023,Female,0
62,JSS1,12-01-2023,Male,42
62,JSS2,12-01-2023,Male,40
62,JSS3,12-01-2023,Male,63
62,SSS1,12-01-2023,Male,30
62,SSS2,12-01-2023,Male,16
62,SSS3,12-01-2023,Male,13
62,JSS1,12-01-2023,Female,46
62,JSS2,12-01-2023,Female,56
62,JSS3,12-01-2023,Female,60
62,SSS1,12-01-2023,Female,38
62,SSS2,12-01-2023,Female,20
62,SSS3,12-01-2023,Female,17
65,JSS1,12-01-2023,Male,87
65,JSS2,12-01-2023,Male,59
65,JSS3,12-01-2023,Male,52
65,SSS1,12-01-2023,Male,40
65,SSS2,12-01-2023,Male,51
65,SSS3,12-01-2023,Male,22
65,JSS1,12-01-2023,Female,51
65,JSS2,12-01-2023,Female,73
65,JSS3,12-01-2023,Female,57
65,SSS1,12-01-2023,Female,54
65,SSS2,12-01-2023,Female,49
65,SSS3,12-01-2023,Female,27
66,JSS1,12-01-2023,Male,0
66,JSS2,12-01-2023,Male,0
66,JSS3,12-01-2023,Male,0
66,SSS1,12-01-2023,Male,0
66,SSS2,12-01-2023,Male,0
66,SSS3,12-01-2023,Male,0
66,JSS1,12-01-2023,Female,125
66,JSS2,12-01-2023,Female,122
66,JSS3,12-01-2023,Female,132
66,SSS1,12-01-2023,Female,153
66,SSS2,12-01-2023,Female,108
66,SSS3,12-01-2023,Female,127
60,JSS1,12-01-2023,Male,19
60,JSS2,12-01-2023,Male,14
60,JSS3,12-01-2023,Male,28
60,SSS1,12-01-2023,Male,15
60,SSS2,12-01-2023,Male,5
60,SSS3,12-01-2023,Male,5
60,JSS1,12-01-2023,Female,19
60,JSS2,12-01-2023,Female,14
60,JSS3,12-01-2023,Female,22
60,SSS1,12-01-2023,Female,19
60,SSS2,12-01-2023,Female,23
60,SSS3,12-01-2023,Female,6
64,JSS1,12-01-2023,Male,53
64,JSS2,12-01-2023,Male,43
64,JSS3,12-01-2023,Male,36
64,SSS1,12-01-2023,Male,50
64,SSS2,12-01-2023,Male,31
64,SSS3,12-01-2023,Male,33
64,JSS1,12-01-2023,Female,43
64,JSS2,12-01-2023,Female,32
64,JSS3,12-01-2023,Female,27
64,SSS1,12-01-2023,Female,36
64,SSS2,12-01-2023,Female,23
64,SSS3,12-01-2023,Female,36
61,JSS1,12-01-2023,Male,29
61,JSS2,12-01-2023,Male,24
61,JSS3,12-01-2023,Male,35
61,SSS1,12-01-2023,Male,19
61,SSS2,12-01-2023,Male,29
61,SSS3,12-01-2023,Male,9
61,JSS1,12-01-2023,Female,19
61,JSS2,12-01-2023,Female,22
61,JSS3,12-01-2023,Female,25
61,SSS1,12-01-2023,Female,22
61,SSS2,12-01-2023,Female,26
61,SSS3,12-01-2023,Female,13
58,JSS1,12-01-2023,Male,13
58,JSS2,12-01-2023,Male,17
58,JSS3,12-01-2023,Male,13
58,SSS1,12-01-2023,Male,11
58,SSS2,12-01-2023,Male,15
58,SSS3,12-01-2023,Male,6
58,JSS1,12-01-2023,Female,17
58,JSS2,12-01-2023,Female,11
58,JSS3,12-01-2023,Female,17
58,SSS1,12-01-2023,Female,17
58,SSS2,12-01-2023,Female,6
58,SSS3,12-01-2023,Female,15
57,JSS1,12-01-2023,Male,41
57,JSS2,12-01-2023,Male,37
57,JSS3,12-01-2023,Male,52
57,SSS1,12-01-2023,Male,30
57,SSS2,12-01-2023,Male,37
57,SSS3,12-01-2023,Male,33
57,JSS1,12-01-2023,Female,31
57,JSS2,12-01-2023,Female,27
57,JSS3,12-01-2023,Female,16
57,SSS1,12-01-2023,Female,32
57,SSS2,12-01-2023,Female,43
57,SSS3,12-01-2023,Female,41
67,JSS1,12-01-2023,Male,22
67,JSS2,12-01-2023,Male,15
67,JSS3,12-01-2023,Male,28
67,SSS1,12-01-2023,Male,19
67,SSS2,12-01-2023,Male,10
67,SSS3,12-01-2023,Male,29
67,JSS1,12-01-2023,Female,25
67,JSS2,12-01-2023,Female,27
67,JSS3,12-01-2023,Female,25
67,SSS1,12-01-2023,Female,18
67,SSS2,12-01-2023,Female,20
67,SSS3,12-01-2023,Female,17
59,JSS1,12-01-2023,Male,2
59,JSS2,12-01-2023,Male,10
59,JSS3,12-01-2023,Male,7
59,SSS1,12-01-2023,Male,0
59,SSS2,12-01-2023,Male,2
59,SSS3,12-01-2023,Male,14
59,JSS1,12-01-2023,Female,3
59,JSS2,12-01-2023,Female,10
59,JSS3,12-01-2023,Female,7
59,SSS1,12-01-2023,Female,0
59,SSS2,12-01-2023,Female,3
59,SSS3,12-01-2023,Female,22
106,JSS1,12-01-2023,Male,3
106,JSS2,12-01-2023,Male,18
106,JSS3,12-01-2023,Male,37
106,SSS1,12-01-2023,Male,6
106,SSS2,12-01-2023,Male,14
106,SSS3,12-01-2023,Male,7
106,JSS1,12-01-2023,Female,9
106,JSS2,12-01-2023,Female,13
106,JSS3,12-01-2023,Female,22
106,SSS1,12-01-2023,Female,18
106,SSS2,12-01-2023,Female,11
106,SSS3,12-01-2023,Female,20
103,JSS1,12-01-2023,Male,19
103,JSS2,12-01-2023,Male,10
103,JSS3,12-01-2023,Male,7
103,SSS1,12-01-2023,Male,4
103,SSS2,12-01-2023,Male,1
103,SSS3,12-01-2023,Male,2
103,JSS1,12-01-2023,Female,17
103,JSS2,12-01-2023,Female,15
103,JSS3,12-01-2023,Female,14
103,SSS1,12-01-2023,Female,8
103,SSS2,12-01-2023,Female,5
103,SSS3,12-01-2023,Female,9
100,JSS1,12-01-2023,Male,7
100,JSS2,12-01-2023,Male,8
100,JSS3,12-01-2023,Male,8
100,SSS1,12-01-2023,Male,2
100,SSS2,12-01-2023,Male,1
100,SSS3,12-01-2023,Male,7
100,JSS1,12-01-2023,Female,10
100,JSS2,12-01-2023,Female,12
100,JSS3,12-01-2023,Female,9
100,SSS1,12-01-2023,Female,9
100,SSS2,12-01-2023,Female,12
100,SSS3,12-01-2023,Female,16
102,JSS1,12-01-2023,Male,4
102,JSS2,12-01-2023,Male,13
102,JSS3,12-01-2023,Male,18
102,SSS1,12-01-2023,Male,0
102,SSS2,12-01-2023,Male,4
102,SSS3,12-01-2023,Male,25
102,JSS1,12-01-2023,Female,5
102,JSS2,12-01-2023,Female,21
102,JSS3,12-01-2023,Female,7
102,SSS1,12-01-2023,Female,4
102,SSS2,12-01-2023,Female,7
102,SSS3,12-01-2023,Female,11
107,JSS1,12-01-2023,Male,0
107,JSS2,12-01-2023,Male,0
107,JSS3,12-01-2023,Male,0
107,SSS1,12-01-2023,Male,0
107,SSS2,12-01-2023,Male,0
107,SSS3,12-01-2023,Male,0
107,JSS1,12-01-2023,Female,0
107,JSS2,12-01-2023,Female,0
107,JSS3,12-01-2023,Female,0
107,SSS1,12-01-2023,Female,0
107,SSS2,12-01-2023,Female,0
107,SSS3,12-01-2023,Female,0
101,JSS1,12-01-2023,Male,1
101,JSS2,12-01-2023,Male,2
101,JSS3,12-01-2023,Male,7
101,SSS1,12-01-2023,Male,0
101,SSS2,12-01-2023,Male,5
101,SSS3,12-01-2023,Male,19
101,JSS1,12-01-2023,Female,0
101,JSS2,12-01-2023,Female,4
101,JSS3,12-01-2023,Female,2
101,SSS1,12-01-2023,Female,0
101,SSS2,12-01-2023,Female,3
101,SSS3,12-01-2023,Female,20
104,JSS1,12-01-2023,Male,13
104,JSS2,12-01-2023,Male,7
104,JSS3,12-01-2023,Male,9
104,SSS1,12-01-2023,Male,0
104,SSS2,12-01-2023,Male,2
104,SSS3,12-01-2023,Male,1
104,JSS1,12-01-2023,Female,3
104,JSS2,12-01-2023,Female,2
104,JSS3,12-01-2023,Female,3
104,SSS1,12-01-2023,Female,0
104,SSS2,12-01-2023,Female,2
104,SSS3,12-01-2023,Female,1
105,JSS1,12-01-2023,Male,0
105,JSS2,12-01-2023,Male,0
105,JSS3,12-01-2023,Male,0
105,SSS1,12-01-2023,Male,0
105,SSS2,12-01-2023,Male,0
105,SSS3,12-01-2023,Male,0
105,JSS1,12-01-2023,Female,0
105,JSS2,12-01-2023,Female,0
105,JSS3,12-01-2023,Female,0
105,SSS1,12-01-2023,Female,0
105,SSS2,12-01-2023,Female,0
105,SSS3,12-01-2023,Female,0
256,JSS1,12-01-2023,Male,23
256,JSS2,12-01-2023,Male,26
256,JSS3,12-01-2023,Male,14
256,SSS1,12-01-2023,Male,18
256,SSS2,12-01-2023,Male,6
256,SSS3,12-01-2023,Male,5
256,JSS1,12-01-2023,Female,22
256,JSS2,12-01-2023,Female,14
256,JSS3,12-01-2023,Female,20
256,SSS1,12-01-2023,Female,22
256,SSS2,12-01-2023,Female,11
256,SSS3,12-01-2023,Female,10
250,JSS1,12-01-2023,Male,59
250,JSS2,12-01-2023,Male,54
250,JSS3,12-01-2023,Male,40
250,SSS1,12-01-2023,Male,30
250,SSS2,12-01-2023,Male,12
250,SSS3,12-01-2023,Male,14
250,JSS1,12-01-2023,Female,49
250,JSS2,12-01-2023,Female,50
250,JSS3,12-01-2023,Female,49
250,SSS1,12-01-2023,Female,37
250,SSS2,12-01-2023,Female,28
250,SSS3,12-01-2023,Female,34
253,JSS1,12-01-2023,Male,36
253,JSS2,12-01-2023,Male,30
253,JSS3,12-01-2023,Male,14
253,SSS1,12-01-2023,Male,21
253,SSS2,12-01-2023,Male,24
253,SSS3,12-01-2023,Male,38
253,JSS1,12-01-2023,Female,42
253,JSS2,12-01-2023,Female,45
253,JSS3,12-01-2023,Female,31
253,SSS1,12-01-2023,Female,29
253,SSS2,12-01-2023,Female,43
253,SSS3,12-01-2023,Female,34
252,JSS1,12-01-2023,Male,16
252,JSS2,12-01-2023,Male,32
252,JSS3,12-01-2023,Male,24
252,SSS1,12-01-2023,Male,9
252,SSS2,12-01-2023,Male,1
252,SSS3,12-01-2023,Male,3
252,JSS1,12-01-2023,Female,12
252,JSS2,12-01-2023,Female,22
252,JSS3,12-01-2023,Female,8
252,SSS1,12-01-2023,Female,10
252,SSS2,12-01-2023,Female,15
252,SSS3,12-01-2023,Female,8
251,JSS1,12-01-2023,Male,20
251,JSS2,12-01-2023,Male,23
251,JSS3,12-01-2023,Male,14
251,SSS1,12-01-2023,Male,21
251,SSS2,12-01-2023,Male,24
251,SSS3,12-01-2023,Male,26
251,JSS1,12-01-2023,Female,20
251,JSS2,12-01-2023,Female,9
251,JSS3,12-01-2023,Female,12
251,SSS1,12-01-2023,Female,18
251,SSS2,12-01-2023,Female,26
251,SSS3,12-01-2023,Female,32
255,JSS1,12-01-2023,Male,10
255,JSS2,12-01-2023,Male,5
255,JSS3,12-01-2023,Male,9
255,SSS1,12-01-2023,Male,6
255,SSS2,12-01-2023,Male,3
255,SSS3,12-01-2023,Male,3
255,JSS1,12-01-2023,Female,5
255,JSS2,12-01-2023,Female,5
255,JSS3,12-01-2023,Female,11
255,SSS1,12-01-2023,Female,4
255,SSS2,12-01-2023,Female,4
255,SSS3,12-01-2023,Female,10
257,JSS1,12-01-2023,Male,13
257,JSS2,12-01-2023,Male,18
257,JSS3,12-01-2023,Male,9
257,SSS1,12-01-2023,Male,9
257,SSS2,12-01-2023,Male,4
257,SSS3,12-01-2023,Male,0
257,JSS1,12-01-2023,Female,17
257,JSS2,12-01-2023,Female,15
257,JSS3,12-01-2023,Female,11
257,SSS1,12-01-2023,Female,8
257,SSS2,12-01-2023,Female,5
257,SSS3,12-01-2023,Female,0
258,JSS1,12-01-2023,Male,3
258,JSS2,12-01-2023,Male,0
258,JSS3,12-01-2023,Male,6
258,SSS1,12-01-2023,Male,1
258,SSS2,12-01-2023,Male,1
258,SSS3,12-01-2023,Male,8
258,JSS1,12-01-2023,Female,0
258,JSS2,12-01-2023,Female,2
258,JSS3,12-01-2023,Female,3
258,SSS1,12-01-2023,Female,0
258,SSS2,12-01-2023,Female,2
258,SSS3,12-01-2023,Female,9
254,JSS1,12-01-2023,Male,4
254,JSS2,12-01-2023,Male,1
254,JSS3,12-01-2023,Male,5
254,SSS1,12-01-2023,Male,0
254,SSS2,12-01-2023,Male,0
254,SSS3,12-01-2023,Male,0
254,JSS1,12-01-2023,Female,0
254,JSS2,12-01-2023,Female,7
254,JSS3,12-01-2023,Female,6
254,SSS1,12-01-2023,Female,0
254,SSS2,12-01-2023,Female,0
254,SSS3,12-01-2023,Female,0
