school_id,class,timestamp,stream
21,JSS1,02-01-2024,3
21,JSS2,02-01-2024,3
21,JSS3,02-01-2024,3
21,SSS1,02-01-2024,3
21,SSS2,02-01-2024,3
21,SSS3,02-01-2024,3
14,JSS1,02-01-2024,3
14,JSS2,02-01-2024,3
14,JSS3,02-01-2024,4
14,SSS1,02-01-2024,3
14,SSS2,02-01-2024,3
14,SSS3,02-01-2024,3
12,JSS1,02-01-2024,6
12,JSS2,02-01-2024,5
12,JSS3,02-01-2024,5
12,SSS1,02-01-2024,5
12,SSS2,02-01-2024,4
12,SSS3,02-01-2024,4
1,JSS1,02-01-2024,1
1,JSS2,02-01-2024,1
1,JSS3,02-01-2024,1
1,SSS1,02-01-2024,1
1,SSS2,02-01-2024,1
1,SSS3,02-01-2024,1
15,JSS1,02-01-2024,2
15,JSS2,02-01-2024,2
15,JSS3,02-01-2024,2
15,SSS1,02-01-2024,2
15,SSS2,02-01-2024,2
15,SSS3,02-01-2024,2
19,JSS1,02-01-2024,1
19,JSS2,02-01-2024,1
19,JSS3,02-01-2024,1
19,SSS1,02-01-2024,1
19,SSS2,02-01-2024,1
19,SSS3,02-01-2024,1
11,JSS1,02-01-2024,2
11,JSS2,02-01-2024,1
11,JSS3,02-01-2024,1
11,SSS1,02-01-2024,1
11,SSS2,02-01-2024,1
11,SSS3,02-01-2024,1
17,JSS1,02-01-2024,1
17,JSS2,02-01-2024,1
17,JSS3,02-01-2024,1
17,SSS1,02-01-2024,1
17,SSS2,02-01-2024,1
17,SSS3,02-01-2024,1
8,JSS1,02-01-2024,1
8,JSS2,02-01-2024,1
8,JSS3,02-01-2024,1
8,SSS1,02-01-2024,1
8,SSS2,02-01-2024,1
8,SSS3,02-01-2024,1
20,JSS1,02-01-2024,1
20,JSS2,02-01-2024,1
20,JSS3,02-01-2024,1
20,SSS1,02-01-2024,1
20,SSS2,02-01-2024,1
20,SSS3,02-01-2024,1
16,JSS1,02-01-2024,5
16,JSS2,02-01-2024,5
16,JSS3,02-01-2024,5
16,SSS1,02-01-2024,3
16,SSS2,02-01-2024,3
16,SSS3,02-01-2024,3
18,JSS1,02-01-2024,3
18,JSS2,02-01-2024,3
18,JSS3,02-01-2024,3
18,SSS1,02-01-2024,3
18,SSS2,02-01-2024,3
18,SSS3,02-01-2024,3
9,JSS1,02-01-2024,1
9,JSS2,02-01-2024,1
9,JSS3,02-01-2024,1
9,SSS1,02-01-2024,1
9,SSS2,02-01-2024,1
9,SSS3,02-01-2024,1
10,JSS1,02-01-2024,1
10,JSS2,02-01-2024,1
10,JSS3,02-01-2024,1
10,SSS1,02-01-2024,1
10,SSS2,02-01-2024,1
10,SSS3,02-01-2024,1
7,JSS1,02-01-2024,1
7,JSS2,02-01-2024,1
7,JSS3,02-01-2024,1
7,SSS1,02-01-2024,1
7,SSS2,02-01-2024,1
7,SSS3,02-01-2024,1
5,JSS1,02-01-2024,2
5,JSS2,02-01-2024,1
5,JSS3,02-01-2024,1
5,SSS1,02-01-2024,1
5,SSS2,02-01-2024,1
5,SSS3,02-01-2024,1
6,JSS1,02-01-2024,1
6,JSS2,02-01-2024,1
6,JSS3,02-01-2024,1
6,SSS1,02-01-2024,1
6,SSS2,02-01-2024,1
6,SSS3,02-01-2024,1
2,JSS1,02-01-2024,2
2,JSS2,02-01-2024,3
2,JSS3,02-01-2024,3
2,SSS1,02-01-2024,2
2,SSS2,02-01-2024,3
2,SSS3,02-01-2024,2
4,JSS1,02-01-2024,1
4,JSS2,02-01-2024,1
4,JSS3,02-01-2024,1
4,SSS1,02-01-2024,1
4,SSS2,02-01-2024,1
4,SSS3,02-01-2024,1
3,JSS1,02-01-2024,1
3,JSS2,02-01-2024,1
3,JSS3,02-01-2024,1
3,SSS1,02-01-2024,1
3,SSS2,02-01-2024,1
3,SSS3,02-01-2024,1
13,JSS1,02-01-2024,1
13,JSS2,02-01-2024,1
13,JSS3,02-01-2024,1
13,SSS1,02-01-2024,1
13,SSS2,02-01-2024,1
13,SSS3,02-01-2024,1
920,JSS1,02-01-2024,3
920,JSS2,02-01-2024,4
920,JSS3,02-01-2024,4
920,SSS1,02-01-2024,4
920,SSS2,02-01-2024,3
920,SSS3,02-01-2024,2
924,JSS1,02-01-2024,2
924,JSS2,02-01-2024,1
924,JSS3,02-01-2024,1
924,SSS1,02-01-2024,1
924,SSS2,02-01-2024,1
924,SSS3,02-01-2024,1
926,JSS1,02-01-2024,5
926,JSS2,02-01-2024,3
926,JSS3,02-01-2024,4
926,SSS1,02-01-2024,4
926,SSS2,02-01-2024,4
926,SSS3,02-01-2024,3
925,JSS1,02-01-2024,1
925,JSS2,02-01-2024,1
925,JSS3,02-01-2024,1
925,SSS1,02-01-2024,1
925,SSS2,02-01-2024,1
925,SSS3,02-01-2024,1
918,JSS1,02-01-2024,2
918,JSS2,02-01-2024,2
918,JSS3,02-01-2024,2
918,SSS1,02-01-2024,2
918,SSS2,02-01-2024,2
918,SSS3,02-01-2024,2
927,JSS1,02-01-2024,1
927,JSS2,02-01-2024,1
927,JSS3,02-01-2024,1
927,SSS1,02-01-2024,1
927,SSS2,02-01-2024,1
927,SSS3,02-01-2024,1
923,JSS1,02-01-2024,1
923,JSS2,02-01-2024,1
923,JSS3,02-01-2024,1
923,SSS1,02-01-2024,1
923,SSS2,02-01-2024,1
923,SSS3,02-01-2024,1
929,JSS1,02-01-2024,2
929,JSS2,02-01-2024,2
929,JSS3,02-01-2024,2
929,SSS1,02-01-2024,1
929,SSS2,02-01-2024,1
929,SSS3,02-01-2024,1
921,JSS1,02-01-2024,1
921,JSS2,02-01-2024,1
921,JSS3,02-01-2024,1
921,SSS1,02-01-2024,1
921,SSS2,02-01-2024,1
921,SSS3,02-01-2024,1
916,JSS1,02-01-2024,1
916,JSS2,02-01-2024,1
916,JSS3,02-01-2024,1
916,SSS1,02-01-2024,1
916,SSS2,02-01-2024,1
916,SSS3,02-01-2024,1
919,JSS1,02-01-2024,2
919,JSS2,02-01-2024,1
919,JSS3,02-01-2024,2
919,SSS1,02-01-2024,2
919,SSS2,02-01-2024,1
919,SSS3,02-01-2024,1
928,JSS1,02-01-2024,1
928,JSS2,02-01-2024,1
928,JSS3,02-01-2024,1
928,SSS1,02-01-2024,1
928,SSS2,02-01-2024,1
928,SSS3,02-01-2024,1
922,JSS1,02-01-2024,1
922,JSS2,02-01-2024,1
922,JSS3,02-01-2024,1
922,SSS1,02-01-2024,1
922,SSS2,02-01-2024,1
922,SSS3,02-01-2024,1
917,JSS1,02-01-2024,1
917,JSS2,02-01-2024,1
917,JSS3,02-01-2024,1
917,SSS1,02-01-2024,1
917,SSS2,02-01-2024,1
917,SSS3,02-01-2024,0
930,JSS1,02-01-2024,1
930,JSS2,02-01-2024,1
930,JSS3,02-01-2024,1
930,SSS1,02-01-2024,1
930,SSS2,02-01-2024,1
930,SSS3,02-01-2024,1
931,JSS1,02-01-2024,1
931,JSS2,02-01-2024,1
931,JSS3,02-01-2024,1
931,SSS1,02-01-2024,1
931,SSS2,02-01-2024,1
931,SSS3,02-01-2024,0
947,JSS1,02-01-2024,3
947,JSS2,02-01-2024,2
947,JSS3,02-01-2024,2
947,SSS1,02-01-2024,3
947,SSS2,02-01-2024,3
947,SSS3,02-01-2024,3
950,JSS1,02-01-2024,2
950,JSS2,02-01-2024,2
950,JSS3,02-01-2024,2
950,SSS1,02-01-2024,2
950,SSS2,02-01-2024,2
950,SSS3,02-01-2024,2
955,JSS1,02-01-2024,5
955,JSS2,02-01-2024,4
955,JSS3,02-01-2024,4
955,SSS1,02-01-2024,5
955,SSS2,02-01-2024,5
955,SSS3,02-01-2024,5
952,JSS1,02-01-2024,2
952,JSS2,02-01-2024,2
952,JSS3,02-01-2024,2
952,SSS1,02-01-2024,2
952,SSS2,02-01-2024,2
952,SSS3,02-01-2024,2
949,JSS1,02-01-2024,2
949,JSS2,02-01-2024,2
949,JSS3,02-01-2024,2
949,SSS1,02-01-2024,2
949,SSS2,02-01-2024,2
949,SSS3,02-01-2024,2
956,JSS1,02-01-2024,1
956,JSS2,02-01-2024,1
956,JSS3,02-01-2024,2
956,SSS1,02-01-2024,1
956,SSS2,02-01-2024,1
956,SSS3,02-01-2024,0
960,JSS1,02-01-2024,1
960,JSS2,02-01-2024,1
960,JSS3,02-01-2024,1
960,SSS1,02-01-2024,1
960,SSS2,02-01-2024,1
960,SSS3,02-01-2024,1
957,JSS1,02-01-2024,1
957,JSS2,02-01-2024,1
957,JSS3,02-01-2024,1
957,SSS1,02-01-2024,1
957,SSS2,02-01-2024,1
957,SSS3,02-01-2024,1
954,JSS1,02-01-2024,1
954,JSS2,02-01-2024,1
954,JSS3,02-01-2024,1
954,SSS1,02-01-2024,1
954,SSS2,02-01-2024,1
954,SSS3,02-01-2024,1
958,JSS1,02-01-2024,3
958,JSS2,02-01-2024,2
958,JSS3,02-01-2024,1
958,SSS1,02-01-2024,5
958,SSS2,02-01-2024,1
958,SSS3,02-01-2024,2
953,JSS1,02-01-2024,1
953,JSS2,02-01-2024,1
953,JSS3,02-01-2024,1
953,SSS1,02-01-2024,1
953,SSS2,02-01-2024,1
953,SSS3,02-01-2024,1
951,JSS1,02-01-2024,1
951,JSS2,02-01-2024,2
951,JSS3,02-01-2024,2
951,SSS1,02-01-2024,2
951,SSS2,02-01-2024,2
951,SSS3,02-01-2024,2
959,JSS1,02-01-2024,1
959,JSS2,02-01-2024,1
959,JSS3,02-01-2024,1
959,SSS1,02-01-2024,1
959,SSS2,02-01-2024,1
959,SSS3,02-01-2024,2
948,JSS1,02-01-2024,1
948,JSS2,02-01-2024,1
948,JSS3,02-01-2024,1
948,SSS1,02-01-2024,1
948,SSS2,02-01-2024,1
948,SSS3,02-01-2024,1
1034,JSS1,02-01-2024,1
1034,JSS2,02-01-2024,1
1034,JSS3,02-01-2024,1
1034,SSS1,02-01-2024,1
1034,SSS2,02-01-2024,0
1034,SSS3,02-01-2024,0
129,JSS1,02-01-2024,4
129,JSS2,02-01-2024,4
129,JSS3,02-01-2024,3
129,SSS1,02-01-2024,3
129,SSS2,02-01-2024,3
129,SSS3,02-01-2024,3
124,JSS1,02-01-2024,3
124,JSS2,02-01-2024,3
124,JSS3,02-01-2024,4
124,SSS1,02-01-2024,3
124,SSS2,02-01-2024,3
124,SSS3,02-01-2024,2
126,JSS1,02-01-2024,0
126,JSS2,02-01-2024,0
126,JSS3,02-01-2024,0
126,SSS1,02-01-2024,5
126,SSS2,02-01-2024,5
126,SSS3,02-01-2024,4
123,JSS1,02-01-2024,5
123,JSS2,02-01-2024,4
123,JSS3,02-01-2024,4
123,SSS1,02-01-2024,3
123,SSS2,02-01-2024,3
123,SSS3,02-01-2024,2
122,JSS1,02-01-2024,2
122,JSS2,02-01-2024,3
122,JSS3,02-01-2024,3
122,SSS1,02-01-2024,2
122,SSS2,02-01-2024,2
122,SSS3,02-01-2024,2
119,JSS1,02-01-2024,2
119,JSS2,02-01-2024,2
119,JSS3,02-01-2024,3
119,SSS1,02-01-2024,2
119,SSS2,02-01-2024,2
119,SSS3,02-01-2024,2
116,JSS1,02-01-2024,5
116,JSS2,02-01-2024,4
116,JSS3,02-01-2024,5
116,SSS1,02-01-2024,4
116,SSS2,02-01-2024,5
116,SSS3,02-01-2024,4
121,JSS1,02-01-2024,2
121,JSS2,02-01-2024,2
121,JSS3,02-01-2024,2
121,SSS1,02-01-2024,2
121,SSS2,02-01-2024,2
121,SSS3,02-01-2024,2
127,JSS1,02-01-2024,3
127,JSS2,02-01-2024,2
127,JSS3,02-01-2024,2
127,SSS1,02-01-2024,2
127,SSS2,02-01-2024,2
127,SSS3,02-01-2024,2
130,JSS1,02-01-2024,3
130,JSS2,02-01-2024,3
130,JSS3,02-01-2024,3
130,SSS1,02-01-2024,2
130,SSS2,02-01-2024,2
130,SSS3,02-01-2024,2
118,JSS1,02-01-2024,1
118,JSS2,02-01-2024,1
118,JSS3,02-01-2024,1
118,SSS1,02-01-2024,1
118,SSS2,02-01-2024,1
118,SSS3,02-01-2024,1
117,JSS1,02-01-2024,0
117,JSS2,02-01-2024,0
117,JSS3,02-01-2024,0
117,SSS1,02-01-2024,0
117,SSS2,02-01-2024,0
117,SSS3,02-01-2024,0
115,JSS1,02-01-2024,2
115,JSS2,02-01-2024,2
115,JSS3,02-01-2024,2
115,SSS1,02-01-2024,2
115,SSS2,02-01-2024,2
115,SSS3,02-01-2024,2
125,JSS1,02-01-2024,2
125,JSS2,02-01-2024,2
125,JSS3,02-01-2024,2
125,SSS1,02-01-2024,2
125,SSS2,02-01-2024,2
125,SSS3,02-01-2024,1
120,JSS1,02-01-2024,1
120,JSS2,02-01-2024,1
120,JSS3,02-01-2024,1
120,SSS1,02-01-2024,1
120,SSS2,02-01-2024,1
120,SSS3,02-01-2024,1
128,JSS1,02-01-2024,2
128,JSS2,02-01-2024,2
128,JSS3,02-01-2024,2
128,SSS1,02-01-2024,2
128,SSS2,02-01-2024,2
128,SSS3,02-01-2024,2
142,JSS1,02-01-2024,4
142,JSS2,02-01-2024,4
142,JSS3,02-01-2024,4
142,SSS1,02-01-2024,3
142,SSS2,02-01-2024,3
142,SSS3,02-01-2024,3
146,JSS1,02-01-2024,3
146,JSS2,02-01-2024,3
146,JSS3,02-01-2024,2
146,SSS1,02-01-2024,2
146,SSS2,02-01-2024,2
146,SSS3,02-01-2024,2
145,JSS1,02-01-2024,2
145,JSS2,02-01-2024,2
145,JSS3,02-01-2024,2
145,SSS1,02-01-2024,2
145,SSS2,02-01-2024,2
145,SSS3,02-01-2024,2
147,JSS1,02-01-2024,2
147,JSS2,02-01-2024,2
147,JSS3,02-01-2024,2
147,SSS1,02-01-2024,2
147,SSS2,02-01-2024,2
147,SSS3,02-01-2024,2
141,JSS1,02-01-2024,2
141,JSS2,02-01-2024,2
141,JSS3,02-01-2024,2
141,SSS1,02-01-2024,1
141,SSS2,02-01-2024,2
141,SSS3,02-01-2024,2
143,JSS1,02-01-2024,2
143,JSS2,02-01-2024,2
143,JSS3,02-01-2024,2
143,SSS1,02-01-2024,2
143,SSS2,02-01-2024,2
143,SSS3,02-01-2024,2
148,JSS1,02-01-2024,2
148,JSS2,02-01-2024,1
148,JSS3,02-01-2024,1
148,SSS1,02-01-2024,1
148,SSS2,02-01-2024,1
148,SSS3,02-01-2024,1
1035,JSS1,02-01-2024,1
1035,JSS2,02-01-2024,1
1035,JSS3,02-01-2024,1
1035,SSS1,02-01-2024,1
1035,SSS2,02-01-2024,1
1035,SSS3,02-01-2024,1
1036,JSS1,02-01-2024,1
1036,JSS2,02-01-2024,1
1036,JSS3,02-01-2024,1
1036,SSS1,02-01-2024,1
1036,SSS2,02-01-2024,1
1036,SSS3,02-01-2024,1
144,JSS1,02-01-2024,1
144,JSS2,02-01-2024,1
144,JSS3,02-01-2024,1
144,SSS1,02-01-2024,1
144,SSS2,02-01-2024,1
144,SSS3,02-01-2024,1
178,JSS1,02-01-2024,0
178,JSS2,02-01-2024,6
178,JSS3,02-01-2024,6
178,SSS1,02-01-2024,6
178,SSS2,02-01-2024,6
178,SSS3,02-01-2024,6
175,JSS1,02-01-2024,6
175,JSS2,02-01-2024,6
175,JSS3,02-01-2024,6
175,SSS1,02-01-2024,5
175,SSS2,02-01-2024,4
175,SSS3,02-01-2024,4
173,JSS1,02-01-2024,6
173,JSS2,02-01-2024,5
173,JSS3,02-01-2024,6
173,SSS1,02-01-2024,6
173,SSS2,02-01-2024,6
173,SSS3,02-01-2024,6
169,JSS1,02-01-2024,7
169,JSS2,02-01-2024,7
169,JSS3,02-01-2024,7
169,SSS1,02-01-2024,7
169,SSS2,02-01-2024,5
169,SSS3,02-01-2024,5
163,JSS1,02-01-2024,7
163,JSS2,02-01-2024,7
163,JSS3,02-01-2024,7
163,SSS1,02-01-2024,7
163,SSS2,02-01-2024,7
163,SSS3,02-01-2024,4
176,JSS1,02-01-2024,5
176,JSS2,02-01-2024,5
176,JSS3,02-01-2024,6
176,SSS1,02-01-2024,4
176,SSS2,02-01-2024,5
176,SSS3,02-01-2024,5
172,JSS1,02-01-2024,4
172,JSS2,02-01-2024,4
172,JSS3,02-01-2024,4
172,SSS1,02-01-2024,3
172,SSS2,02-01-2024,3
172,SSS3,02-01-2024,3
168,JSS1,02-01-2024,7
168,JSS2,02-01-2024,6
168,JSS3,02-01-2024,5
168,SSS1,02-01-2024,5
168,SSS2,02-01-2024,5
168,SSS3,02-01-2024,5
177,JSS1,02-01-2024,3
177,JSS2,02-01-2024,2
177,JSS3,02-01-2024,2
177,SSS1,02-01-2024,2
177,SSS2,02-01-2024,2
177,SSS3,02-01-2024,2
167,JSS1,02-01-2024,2
167,JSS2,02-01-2024,2
167,JSS3,02-01-2024,2
167,SSS1,02-01-2024,2
167,SSS2,02-01-2024,2
167,SSS3,02-01-2024,2
170,JSS1,02-01-2024,3
170,JSS2,02-01-2024,3
170,JSS3,02-01-2024,3
170,SSS1,02-01-2024,2
170,SSS2,02-01-2024,3
170,SSS3,02-01-2024,2
164,JSS1,02-01-2024,2
164,JSS2,02-01-2024,2
164,JSS3,02-01-2024,2
164,SSS1,02-01-2024,2
164,SSS2,02-01-2024,2
164,SSS3,02-01-2024,2
165,JSS1,02-01-2024,2
165,JSS2,02-01-2024,2
165,JSS3,02-01-2024,2
165,SSS1,02-01-2024,2
165,SSS2,02-01-2024,2
165,SSS3,02-01-2024,2
181,JSS1,02-01-2024,2
181,JSS2,02-01-2024,2
181,JSS3,02-01-2024,2
181,SSS1,02-01-2024,2
181,SSS2,02-01-2024,2
181,SSS3,02-01-2024,2
180,JSS1,02-01-2024,1
180,JSS2,02-01-2024,1
180,JSS3,02-01-2024,2
180,SSS1,02-01-2024,1
180,SSS2,02-01-2024,1
180,SSS3,02-01-2024,1
171,JSS1,02-01-2024,2
171,JSS2,02-01-2024,2
171,JSS3,02-01-2024,2
171,SSS1,02-01-2024,2
171,SSS2,02-01-2024,2
171,SSS3,02-01-2024,2
174,JSS1,02-01-2024,1
174,JSS2,02-01-2024,1
174,JSS3,02-01-2024,1
174,SSS1,02-01-2024,1
174,SSS2,02-01-2024,1
174,SSS3,02-01-2024,1
166,JSS1,02-01-2024,1
166,JSS2,02-01-2024,1
166,JSS3,02-01-2024,1
166,SSS1,02-01-2024,1
166,SSS2,02-01-2024,1
166,SSS3,02-01-2024,1
179,JSS1,02-01-2024,3
179,JSS2,02-01-2024,3
179,JSS3,02-01-2024,3
179,SSS1,02-01-2024,4
179,SSS2,02-01-2024,3
179,SSS3,02-01-2024,3
276,JSS1,02-01-2024,6
276,JSS2,02-01-2024,5
276,JSS3,02-01-2024,4
276,SSS1,02-01-2024,4
276,SSS2,02-01-2024,4
276,SSS3,02-01-2024,4
277,JSS1,02-01-2024,2
277,JSS2,02-01-2024,2
277,JSS3,02-01-2024,2
277,SSS1,02-01-2024,2
277,SSS2,02-01-2024,2
277,SSS3,02-01-2024,2
270,JSS1,02-01-2024,4
270,JSS2,02-01-2024,4
270,JSS3,02-01-2024,4
270,SSS1,02-01-2024,3
270,SSS2,02-01-2024,3
270,SSS3,02-01-2024,3
274,JSS1,02-01-2024,4
274,JSS2,02-01-2024,3
274,JSS3,02-01-2024,3
274,SSS1,02-01-2024,2
274,SSS2,02-01-2024,2
274,SSS3,02-01-2024,3
272,JSS1,02-01-2024,2
272,JSS2,02-01-2024,2
272,JSS3,02-01-2024,2
272,SSS1,02-01-2024,2
272,SSS2,02-01-2024,2
272,SSS3,02-01-2024,2
273,JSS1,02-01-2024,2
273,JSS2,02-01-2024,2
273,JSS3,02-01-2024,2
273,SSS1,02-01-2024,2
273,SSS2,02-01-2024,2
273,SSS3,02-01-2024,2
275,JSS1,02-01-2024,4
275,JSS2,02-01-2024,4
275,JSS3,02-01-2024,4
275,SSS1,02-01-2024,4
275,SSS2,02-01-2024,4
275,SSS3,02-01-2024,4
271,JSS1,02-01-2024,1
271,JSS2,02-01-2024,1
271,JSS3,02-01-2024,1
271,SSS1,02-01-2024,1
271,SSS2,02-01-2024,1
271,SSS3,02-01-2024,1
570,JSS1,02-01-2024,3
570,JSS2,02-01-2024,3
570,JSS3,02-01-2024,3
570,SSS1,02-01-2024,3
570,SSS2,02-01-2024,3
570,SSS3,02-01-2024,3
571,JSS1,02-01-2024,1
571,JSS2,02-01-2024,1
571,JSS3,02-01-2024,1
571,SSS1,02-01-2024,1
571,SSS2,02-01-2024,2
571,SSS3,02-01-2024,2
575,JSS1,02-01-2024,2
575,JSS2,02-01-2024,0
575,JSS3,02-01-2024,2
575,SSS1,02-01-2024,2
575,SSS2,02-01-2024,2
575,SSS3,02-01-2024,2
573,JSS1,02-01-2024,2
573,JSS2,02-01-2024,2
573,JSS3,02-01-2024,2
573,SSS1,02-01-2024,2
573,SSS2,02-01-2024,2
573,SSS3,02-01-2024,2
577,JSS1,02-01-2024,3
577,JSS2,02-01-2024,4
577,JSS3,02-01-2024,3
577,SSS1,02-01-2024,3
577,SSS2,02-01-2024,3
577,SSS3,02-01-2024,2
567,JSS1,02-01-2024,2
567,JSS2,02-01-2024,2
567,JSS3,02-01-2024,2
567,SSS1,02-01-2024,2
567,SSS2,02-01-2024,2
567,SSS3,02-01-2024,2
568,JSS1,02-01-2024,2
568,JSS2,02-01-2024,2
568,JSS3,02-01-2024,2
568,SSS1,02-01-2024,1
568,SSS2,02-01-2024,2
568,SSS3,02-01-2024,2
572,JSS1,02-01-2024,0
572,JSS2,02-01-2024,0
572,JSS3,02-01-2024,0
572,SSS1,02-01-2024,0
572,SSS2,02-01-2024,0
572,SSS3,02-01-2024,0
569,JSS1,02-01-2024,2
569,JSS2,02-01-2024,1
569,JSS3,02-01-2024,1
569,SSS1,02-01-2024,1
569,SSS2,02-01-2024,2
569,SSS3,02-01-2024,1
574,JSS1,02-01-2024,2
574,JSS2,02-01-2024,2
574,JSS3,02-01-2024,2
574,SSS1,02-01-2024,2
574,SSS2,02-01-2024,2
574,SSS3,02-01-2024,2
576,JSS1,02-01-2024,2
576,JSS2,02-01-2024,2
576,JSS3,02-01-2024,2
576,SSS1,02-01-2024,2
576,SSS2,02-01-2024,2
576,SSS3,02-01-2024,2
593,JSS1,02-01-2024,6
593,JSS2,02-01-2024,6
593,JSS3,02-01-2024,5
593,SSS1,02-01-2024,5
593,SSS2,02-01-2024,6
593,SSS3,02-01-2024,5
594,JSS1,02-01-2024,5
594,JSS2,02-01-2024,4
594,JSS3,02-01-2024,4
594,SSS1,02-01-2024,4
594,SSS2,02-01-2024,4
594,SSS3,02-01-2024,5
596,JSS1,02-01-2024,7
596,JSS2,02-01-2024,7
596,JSS3,02-01-2024,7
596,SSS1,02-01-2024,5
596,SSS2,02-01-2024,5
596,SSS3,02-01-2024,4
595,JSS1,02-01-2024,4
595,JSS2,02-01-2024,4
595,JSS3,02-01-2024,4
595,SSS1,02-01-2024,5
595,SSS2,02-01-2024,5
595,SSS3,02-01-2024,5
597,JSS1,02-01-2024,5
597,JSS2,02-01-2024,5
597,JSS3,02-01-2024,6
597,SSS1,02-01-2024,5
597,SSS2,02-01-2024,4
597,SSS3,02-01-2024,4
598,JSS1,02-01-2024,3
598,JSS2,02-01-2024,3
598,JSS3,02-01-2024,2
598,SSS1,02-01-2024,1
598,SSS2,02-01-2024,1
598,SSS3,02-01-2024,1
592,JSS1,02-01-2024,5
592,JSS2,02-01-2024,5
592,JSS3,02-01-2024,4
592,SSS1,02-01-2024,4
592,SSS2,02-01-2024,2
592,SSS3,02-01-2024,2
591,JSS1,02-01-2024,5
591,JSS2,02-01-2024,5
591,JSS3,02-01-2024,4
591,SSS1,02-01-2024,4
591,SSS2,02-01-2024,3
591,SSS3,02-01-2024,2
680,JSS1,02-01-2024,2
680,JSS2,02-01-2024,2
680,JSS3,02-01-2024,2
680,SSS1,02-01-2024,1
680,SSS2,02-01-2024,1
680,SSS3,02-01-2024,2
671,JSS1,02-01-2024,2
671,JSS2,02-01-2024,2
671,JSS3,02-01-2024,2
671,SSS1,02-01-2024,2
671,SSS2,02-01-2024,2
671,SSS3,02-01-2024,2
669,JSS1,02-01-2024,1
669,JSS2,02-01-2024,1
669,JSS3,02-01-2024,1
669,SSS1,02-01-2024,1
669,SSS2,02-01-2024,1
669,SSS3,02-01-2024,1
672,JSS1,02-01-2024,1
672,JSS2,02-01-2024,1
672,JSS3,02-01-2024,1
672,SSS1,02-01-2024,1
672,SSS2,02-01-2024,1
672,SSS3,02-01-2024,1
673,JSS1,02-01-2024,2
673,JSS2,02-01-2024,2
673,JSS3,02-01-2024,1
673,SSS1,02-01-2024,1
673,SSS2,02-01-2024,1
673,SSS3,02-01-2024,1
667,JSS1,02-01-2024,1
667,JSS2,02-01-2024,1
667,JSS3,02-01-2024,1
667,SSS1,02-01-2024,1
667,SSS2,02-01-2024,1
667,SSS3,02-01-2024,0
666,JSS1,02-01-2024,1
666,JSS2,02-01-2024,1
666,JSS3,02-01-2024,1
666,SSS1,02-01-2024,1
666,SSS2,02-01-2024,1
666,SSS3,02-01-2024,1
677,JSS1,02-01-2024,1
677,JSS2,02-01-2024,1
677,JSS3,02-01-2024,1
677,SSS1,02-01-2024,1
677,SSS2,02-01-2024,1
677,SSS3,02-01-2024,1
668,JSS1,02-01-2024,2
668,JSS2,02-01-2024,1
668,JSS3,02-01-2024,1
668,SSS1,02-01-2024,2
668,SSS2,02-01-2024,1
668,SSS3,02-01-2024,1
674,JSS1,02-01-2024,1
674,JSS2,02-01-2024,1
674,JSS3,02-01-2024,1
674,SSS1,02-01-2024,1
674,SSS2,02-01-2024,1
674,SSS3,02-01-2024,1
679,JSS1,02-01-2024,4
679,JSS2,02-01-2024,4
679,JSS3,02-01-2024,4
679,SSS1,02-01-2024,3
679,SSS2,02-01-2024,3
679,SSS3,02-01-2024,2
681,JSS1,02-01-2024,1
681,JSS2,02-01-2024,1
681,JSS3,02-01-2024,1
681,SSS1,02-01-2024,1
681,SSS2,02-01-2024,1
681,SSS3,02-01-2024,1
678,JSS1,02-01-2024,2
678,JSS2,02-01-2024,2
678,JSS3,02-01-2024,2
678,SSS1,02-01-2024,2
678,SSS2,02-01-2024,2
678,SSS3,02-01-2024,2
682,JSS1,02-01-2024,2
682,JSS2,02-01-2024,2
682,JSS3,02-01-2024,2
682,SSS1,02-01-2024,2
682,SSS2,02-01-2024,2
682,SSS3,02-01-2024,2
676,JSS1,02-01-2024,2
676,JSS2,02-01-2024,2
676,JSS3,02-01-2024,2
676,SSS1,02-01-2024,2
676,SSS2,02-01-2024,2
676,SSS3,02-01-2024,2
670,JSS1,02-01-2024,1
670,JSS2,02-01-2024,1
670,JSS3,02-01-2024,1
670,SSS1,02-01-2024,1
670,SSS2,02-01-2024,1
670,SSS3,02-01-2024,1
675,JSS1,02-01-2024,1
675,JSS2,02-01-2024,1
675,JSS3,02-01-2024,1
675,SSS1,02-01-2024,1
675,SSS2,02-01-2024,1
675,SSS3,02-01-2024,1
292,JSS1,02-01-2024,2
292,JSS2,02-01-2024,3
292,JSS3,02-01-2024,3
292,SSS1,02-01-2024,2
292,SSS2,02-01-2024,3
292,SSS3,02-01-2024,3
290,JSS1,02-01-2024,2
290,JSS2,02-01-2024,2
290,JSS3,02-01-2024,2
290,SSS1,02-01-2024,2
290,SSS2,02-01-2024,2
290,SSS3,02-01-2024,2
286,JSS1,02-01-2024,2
286,JSS2,02-01-2024,2
286,JSS3,02-01-2024,2
286,SSS1,02-01-2024,2
286,SSS2,02-01-2024,2
286,SSS3,02-01-2024,2
288,JSS1,02-01-2024,6
288,JSS2,02-01-2024,5
288,JSS3,02-01-2024,5
288,SSS1,02-01-2024,4
288,SSS2,02-01-2024,4
288,SSS3,02-01-2024,3
291,JSS1,02-01-2024,1
291,JSS2,02-01-2024,1
291,JSS3,02-01-2024,1
291,SSS1,02-01-2024,1
291,SSS2,02-01-2024,1
291,SSS3,02-01-2024,1
287,JSS1,02-01-2024,2
287,JSS2,02-01-2024,2
287,JSS3,02-01-2024,3
287,SSS1,02-01-2024,2
287,SSS2,02-01-2024,3
287,SSS3,02-01-2024,2
293,JSS1,02-01-2024,1
293,JSS2,02-01-2024,1
293,JSS3,02-01-2024,2
293,SSS1,02-01-2024,1
293,SSS2,02-01-2024,1
293,SSS3,02-01-2024,2
289,JSS1,02-01-2024,5
289,JSS2,02-01-2024,4
289,JSS3,02-01-2024,4
289,SSS1,02-01-2024,4
289,SSS2,02-01-2024,3
289,SSS3,02-01-2024,3
504,JSS1,02-01-2024,2
504,JSS2,02-01-2024,2
504,JSS3,02-01-2024,2
504,SSS1,02-01-2024,2
504,SSS2,02-01-2024,1
504,SSS3,02-01-2024,1
506,JSS1,02-01-2024,1
506,JSS2,02-01-2024,1
506,JSS3,02-01-2024,1
506,SSS1,02-01-2024,1
506,SSS2,02-01-2024,1
506,SSS3,02-01-2024,1
511,JSS1,02-01-2024,2
511,JSS2,02-01-2024,1
511,JSS3,02-01-2024,1
511,SSS1,02-01-2024,1
511,SSS2,02-01-2024,1
511,SSS3,02-01-2024,1
500,JSS1,02-01-2024,3
500,JSS2,02-01-2024,3
500,JSS3,02-01-2024,3
500,SSS1,02-01-2024,2
500,SSS2,02-01-2024,2
500,SSS3,02-01-2024,2
499,JSS1,02-01-2024,2
499,JSS2,02-01-2024,1
499,JSS3,02-01-2024,1
499,SSS1,02-01-2024,1
499,SSS2,02-01-2024,1
499,SSS3,02-01-2024,2
509,JSS1,02-01-2024,4
509,JSS2,02-01-2024,5
509,JSS3,02-01-2024,5
509,SSS1,02-01-2024,3
509,SSS2,02-01-2024,2
509,SSS3,02-01-2024,2
513,JSS1,02-01-2024,2
513,JSS2,02-01-2024,2
513,JSS3,02-01-2024,2
513,SSS1,02-01-2024,2
513,SSS2,02-01-2024,2
513,SSS3,02-01-2024,2
507,JSS1,02-01-2024,2
507,JSS2,02-01-2024,1
507,JSS3,02-01-2024,1
507,SSS1,02-01-2024,1
507,SSS2,02-01-2024,1
507,SSS3,02-01-2024,1
508,JSS1,02-01-2024,1
508,JSS2,02-01-2024,1
508,JSS3,02-01-2024,1
508,SSS1,02-01-2024,1
508,SSS2,02-01-2024,1
508,SSS3,02-01-2024,1
512,JSS1,02-01-2024,2
512,JSS2,02-01-2024,2
512,JSS3,02-01-2024,2
512,SSS1,02-01-2024,2
512,SSS2,02-01-2024,2
512,SSS3,02-01-2024,2
515,JSS1,02-01-2024,2
515,JSS2,02-01-2024,2
515,JSS3,02-01-2024,2
515,SSS1,02-01-2024,2
515,SSS2,02-01-2024,2
515,SSS3,02-01-2024,2
510,JSS1,02-01-2024,4
510,JSS2,02-01-2024,3
510,JSS3,02-01-2024,4
510,SSS1,02-01-2024,3
510,SSS2,02-01-2024,3
510,SSS3,02-01-2024,2
505,JSS1,02-01-2024,1
505,JSS2,02-01-2024,1
505,JSS3,02-01-2024,1
505,SSS1,02-01-2024,1
505,SSS2,02-01-2024,1
505,SSS3,02-01-2024,1
514,JSS1,02-01-2024,1
514,JSS2,02-01-2024,1
514,JSS3,02-01-2024,1
514,SSS1,02-01-2024,1
514,SSS2,02-01-2024,1
514,SSS3,02-01-2024,1
503,JSS1,02-01-2024,1
503,JSS2,02-01-2024,1
503,JSS3,02-01-2024,1
503,SSS1,02-01-2024,1
503,SSS2,02-01-2024,1
503,SSS3,02-01-2024,1
501,JSS1,02-01-2024,2
501,JSS2,02-01-2024,1
501,JSS3,02-01-2024,1
501,SSS1,02-01-2024,1
501,SSS2,02-01-2024,2
501,SSS3,02-01-2024,2
502,JSS1,02-01-2024,0
502,JSS2,02-01-2024,0
502,JSS3,02-01-2024,0
502,SSS1,02-01-2024,0
502,SSS2,02-01-2024,0
502,SSS3,02-01-2024,0
335,JSS1,02-01-2024,3
335,JSS2,02-01-2024,3
335,JSS3,02-01-2024,3
335,SSS1,02-01-2024,3
335,SSS2,02-01-2024,2
335,SSS3,02-01-2024,2
323,JSS1,02-01-2024,2
323,JSS2,02-01-2024,2
323,JSS3,02-01-2024,2
323,SSS1,02-01-2024,2
323,SSS2,02-01-2024,2
323,SSS3,02-01-2024,2
326,JSS1,02-01-2024,1
326,JSS2,02-01-2024,1
326,JSS3,02-01-2024,1
326,SSS1,02-01-2024,1
326,SSS2,02-01-2024,2
326,SSS3,02-01-2024,2
327,JSS1,02-01-2024,1
327,JSS2,02-01-2024,1
327,JSS3,02-01-2024,1
327,SSS1,02-01-2024,1
327,SSS2,02-01-2024,1
327,SSS3,02-01-2024,1
333,JSS1,02-01-2024,6
333,JSS2,02-01-2024,4
333,JSS3,02-01-2024,6
333,SSS1,02-01-2024,4
333,SSS2,02-01-2024,4
333,SSS3,02-01-2024,4
338,JSS1,02-01-2024,9
338,JSS2,02-01-2024,5
338,JSS3,02-01-2024,5
338,SSS1,02-01-2024,5
338,SSS2,02-01-2024,5
338,SSS3,02-01-2024,4
328,JSS1,02-01-2024,3
328,JSS2,02-01-2024,2
328,JSS3,02-01-2024,3
328,SSS1,02-01-2024,2
328,SSS2,02-01-2024,2
328,SSS3,02-01-2024,3
337,JSS1,02-01-2024,4
337,JSS2,02-01-2024,3
337,JSS3,02-01-2024,4
337,SSS1,02-01-2024,3
337,SSS2,02-01-2024,3
337,SSS3,02-01-2024,3
324,JSS1,02-01-2024,3
324,JSS2,02-01-2024,3
324,JSS3,02-01-2024,3
324,SSS1,02-01-2024,3
324,SSS2,02-01-2024,3
324,SSS3,02-01-2024,3
332,JSS1,02-01-2024,2
332,JSS2,02-01-2024,2
332,JSS3,02-01-2024,2
332,SSS1,02-01-2024,2
332,SSS2,02-01-2024,2
332,SSS3,02-01-2024,2
329,JSS1,02-01-2024,2
329,JSS2,02-01-2024,1
329,JSS3,02-01-2024,1
329,SSS1,02-01-2024,1
329,SSS2,02-01-2024,1
329,SSS3,02-01-2024,1
336,JSS1,02-01-2024,2
336,JSS2,02-01-2024,2
336,JSS3,02-01-2024,1
336,SSS1,02-01-2024,1
336,SSS2,02-01-2024,2
336,SSS3,02-01-2024,2
330,JSS1,02-01-2024,2
330,JSS2,02-01-2024,2
330,JSS3,02-01-2024,2
330,SSS1,02-01-2024,2
330,SSS2,02-01-2024,2
330,SSS3,02-01-2024,2
334,JSS1,02-01-2024,5
334,JSS2,02-01-2024,5
334,JSS3,02-01-2024,5
334,SSS1,02-01-2024,4
334,SSS2,02-01-2024,4
334,SSS3,02-01-2024,3
331,JSS1,02-01-2024,4
331,JSS2,02-01-2024,2
331,JSS3,02-01-2024,3
331,SSS1,02-01-2024,4
331,SSS2,02-01-2024,3
331,SSS3,02-01-2024,3
325,JSS1,02-01-2024,9
325,JSS2,02-01-2024,11
325,JSS3,02-01-2024,8
325,SSS1,02-01-2024,8
325,SSS2,02-01-2024,8
325,SSS3,02-01-2024,6
477,JSS1,02-01-2024,2
477,JSS2,02-01-2024,2
477,JSS3,02-01-2024,2
477,SSS1,02-01-2024,2
477,SSS2,02-01-2024,2
477,SSS3,02-01-2024,2
478,JSS1,02-01-2024,0
478,JSS2,02-01-2024,0
478,JSS3,02-01-2024,0
478,SSS1,02-01-2024,0
478,SSS2,02-01-2024,0
478,SSS3,02-01-2024,0
471,JSS1,02-01-2024,2
471,JSS2,02-01-2024,2
471,JSS3,02-01-2024,2
471,SSS1,02-01-2024,2
471,SSS2,02-01-2024,2
471,SSS3,02-01-2024,2
472,JSS1,02-01-2024,3
472,JSS2,02-01-2024,3
472,JSS3,02-01-2024,3
472,SSS1,02-01-2024,0
472,SSS2,02-01-2024,0
472,SSS3,02-01-2024,0
479,JSS1,02-01-2024,6
479,JSS2,02-01-2024,5
479,JSS3,02-01-2024,4
479,SSS1,02-01-2024,4
479,SSS2,02-01-2024,3
479,SSS3,02-01-2024,3
476,JSS1,02-01-2024,2
476,JSS2,02-01-2024,2
476,JSS3,02-01-2024,3
476,SSS1,02-01-2024,3
476,SSS2,02-01-2024,3
476,SSS3,02-01-2024,3
469,JSS1,02-01-2024,2
469,JSS2,02-01-2024,2
469,JSS3,02-01-2024,2
469,SSS1,02-01-2024,1
469,SSS2,02-01-2024,2
469,SSS3,02-01-2024,2
470,JSS1,02-01-2024,1
470,JSS2,02-01-2024,1
470,JSS3,02-01-2024,1
470,SSS1,02-01-2024,1
470,SSS2,02-01-2024,1
470,SSS3,02-01-2024,3
480,JSS1,02-01-2024,2
480,JSS2,02-01-2024,2
480,JSS3,02-01-2024,2
480,SSS1,02-01-2024,2
480,SSS2,02-01-2024,2
480,SSS3,02-01-2024,2
473,JSS1,02-01-2024,1
473,JSS2,02-01-2024,1
473,JSS3,02-01-2024,2
473,SSS1,02-01-2024,2
473,SSS2,02-01-2024,2
473,SSS3,02-01-2024,2
475,JSS1,02-01-2024,3
475,JSS2,02-01-2024,3
475,JSS3,02-01-2024,3
475,SSS1,02-01-2024,3
475,SSS2,02-01-2024,2
475,SSS3,02-01-2024,2
468,JSS1,02-01-2024,2
468,JSS2,02-01-2024,2
468,JSS3,02-01-2024,2
468,SSS1,02-01-2024,1
468,SSS2,02-01-2024,2
468,SSS3,02-01-2024,2
474,JSS1,02-01-2024,3
474,JSS2,02-01-2024,3
474,JSS3,02-01-2024,3
474,SSS1,02-01-2024,2
474,SSS2,02-01-2024,2
474,SSS3,02-01-2024,2
986,JSS1,02-01-2024,1
986,JSS2,02-01-2024,1
986,JSS3,02-01-2024,1
986,SSS1,02-01-2024,1
986,SSS2,02-01-2024,1
986,SSS3,02-01-2024,1
992,JSS1,02-01-2024,1
992,JSS2,02-01-2024,1
992,JSS3,02-01-2024,1
992,SSS1,02-01-2024,1
992,SSS2,02-01-2024,1
992,SSS3,02-01-2024,1
988,JSS1,02-01-2024,1
988,JSS2,02-01-2024,1
988,JSS3,02-01-2024,1
988,SSS1,02-01-2024,1
988,SSS2,02-01-2024,1
988,SSS3,02-01-2024,1
985,JSS1,02-01-2024,4
985,JSS2,02-01-2024,4
985,JSS3,02-01-2024,5
985,SSS1,02-01-2024,4
985,SSS2,02-01-2024,4
985,SSS3,02-01-2024,2
983,JSS1,02-01-2024,1
983,JSS2,02-01-2024,1
983,JSS3,02-01-2024,1
983,SSS1,02-01-2024,1
983,SSS2,02-01-2024,1
983,SSS3,02-01-2024,1
989,JSS1,02-01-2024,4
989,JSS2,02-01-2024,4
989,JSS3,02-01-2024,4
989,SSS1,02-01-2024,3
989,SSS2,02-01-2024,2
989,SSS3,02-01-2024,2
984,JSS1,02-01-2024,6
984,JSS2,02-01-2024,6
984,JSS3,02-01-2024,6
984,SSS1,02-01-2024,6
984,SSS2,02-01-2024,6
984,SSS3,02-01-2024,6
991,JSS1,02-01-2024,2
991,JSS2,02-01-2024,3
991,JSS3,02-01-2024,2
991,SSS1,02-01-2024,2
991,SSS2,02-01-2024,3
991,SSS3,02-01-2024,3
990,JSS1,02-01-2024,2
990,JSS2,02-01-2024,2
990,JSS3,02-01-2024,2
990,SSS1,02-01-2024,2
990,SSS2,02-01-2024,2
990,SSS3,02-01-2024,2
987,JSS1,02-01-2024,2
987,JSS2,02-01-2024,1
987,JSS3,02-01-2024,1
987,SSS1,02-01-2024,1
987,SSS2,02-01-2024,1
987,SSS3,02-01-2024,1
993,JSS1,02-01-2024,2
993,JSS2,02-01-2024,2
993,JSS3,02-01-2024,2
993,SSS1,02-01-2024,2
993,SSS2,02-01-2024,1
993,SSS3,02-01-2024,1
792,JSS1,02-01-2024,5
792,JSS2,02-01-2024,5
792,JSS3,02-01-2024,5
792,SSS1,02-01-2024,5
792,SSS2,02-01-2024,5
792,SSS3,02-01-2024,5
790,JSS1,02-01-2024,5
790,JSS2,02-01-2024,5
790,JSS3,02-01-2024,5
790,SSS1,02-01-2024,5
790,SSS2,02-01-2024,5
790,SSS3,02-01-2024,5
802,JSS1,02-01-2024,6
802,JSS2,02-01-2024,6
802,JSS3,02-01-2024,6
802,SSS1,02-01-2024,7
802,SSS2,02-01-2024,5
802,SSS3,02-01-2024,5
789,JSS1,02-01-2024,8
789,JSS2,02-01-2024,8
789,JSS3,02-01-2024,8
789,SSS1,02-01-2024,7
789,SSS2,02-01-2024,6
789,SSS3,02-01-2024,6
803,JSS1,02-01-2024,7
803,JSS2,02-01-2024,6
803,JSS3,02-01-2024,6
803,SSS1,02-01-2024,6
803,SSS2,02-01-2024,5
803,SSS3,02-01-2024,4
793,JSS1,02-01-2024,8
793,JSS2,02-01-2024,7
793,JSS3,02-01-2024,8
793,SSS1,02-01-2024,8
793,SSS2,02-01-2024,4
793,SSS3,02-01-2024,5
797,JSS1,02-01-2024,6
797,JSS2,02-01-2024,5
797,JSS3,02-01-2024,6
797,SSS1,02-01-2024,7
797,SSS2,02-01-2024,9
797,SSS3,02-01-2024,9
795,JSS1,02-01-2024,7
795,JSS2,02-01-2024,7
795,JSS3,02-01-2024,6
795,SSS1,02-01-2024,7
795,SSS2,02-01-2024,5
795,SSS3,02-01-2024,5
804,JSS1,02-01-2024,5
804,JSS2,02-01-2024,5
804,JSS3,02-01-2024,5
804,SSS1,02-01-2024,5
804,SSS2,02-01-2024,5
804,SSS3,02-01-2024,5
800,JSS1,02-01-2024,3
800,JSS2,02-01-2024,4
800,JSS3,02-01-2024,3
800,SSS1,02-01-2024,3
800,SSS2,02-01-2024,3
800,SSS3,02-01-2024,3
801,JSS1,02-01-2024,8
801,JSS2,02-01-2024,5
801,JSS3,02-01-2024,5
801,SSS1,02-01-2024,8
801,SSS2,02-01-2024,6
801,SSS3,02-01-2024,5
791,JSS1,02-01-2024,9
791,JSS2,02-01-2024,9
791,JSS3,02-01-2024,9
791,SSS1,02-01-2024,8
791,SSS2,02-01-2024,10
791,SSS3,02-01-2024,8
796,JSS1,02-01-2024,3
796,JSS2,02-01-2024,3
796,JSS3,02-01-2024,3
796,SSS1,02-01-2024,2
796,SSS2,02-01-2024,3
796,SSS3,02-01-2024,2
794,JSS1,02-01-2024,6
794,JSS2,02-01-2024,5
794,JSS3,02-01-2024,6
794,SSS1,02-01-2024,9
794,SSS2,02-01-2024,9
794,SSS3,02-01-2024,10
798,JSS1,02-01-2024,5
798,JSS2,02-01-2024,5
798,JSS3,02-01-2024,5
798,SSS1,02-01-2024,4
798,SSS2,02-01-2024,4
798,SSS3,02-01-2024,4
799,JSS1,02-01-2024,4
799,JSS2,02-01-2024,4
799,JSS3,02-01-2024,4
799,SSS1,02-01-2024,3
799,SSS2,02-01-2024,3
799,SSS3,02-01-2024,3
877,JSS1,02-01-2024,6
877,JSS2,02-01-2024,5
877,JSS3,02-01-2024,5
877,SSS1,02-01-2024,6
877,SSS2,02-01-2024,4
877,SSS3,02-01-2024,4
879,JSS1,02-01-2024,7
879,JSS2,02-01-2024,7
879,JSS3,02-01-2024,7
879,SSS1,02-01-2024,5
879,SSS2,02-01-2024,5
879,SSS3,02-01-2024,5
878,JSS1,02-01-2024,5
878,JSS2,02-01-2024,5
878,JSS3,02-01-2024,5
878,SSS1,02-01-2024,5
878,SSS2,02-01-2024,5
878,SSS3,02-01-2024,4
882,JSS1,02-01-2024,6
882,JSS2,02-01-2024,5
882,JSS3,02-01-2024,6
882,SSS1,02-01-2024,7
882,SSS2,02-01-2024,5
882,SSS3,02-01-2024,6
881,JSS1,02-01-2024,5
881,JSS2,02-01-2024,4
881,JSS3,02-01-2024,6
881,SSS1,02-01-2024,4
881,SSS2,02-01-2024,3
881,SSS3,02-01-2024,3
880,JSS1,02-01-2024,1
880,JSS2,02-01-2024,1
880,JSS3,02-01-2024,1
880,SSS1,02-01-2024,1
880,SSS2,02-01-2024,1
880,SSS3,02-01-2024,1
722,JSS1,02-01-2024,1
722,JSS2,02-01-2024,2
722,JSS3,02-01-2024,2
722,SSS1,02-01-2024,1
722,SSS2,02-01-2024,2
722,SSS3,02-01-2024,1
720,JSS1,02-01-2024,3
720,JSS2,02-01-2024,3
720,JSS3,02-01-2024,5
720,SSS1,02-01-2024,3
720,SSS2,02-01-2024,3
720,SSS3,02-01-2024,4
723,JSS1,02-01-2024,9
723,JSS2,02-01-2024,4
723,JSS3,02-01-2024,4
723,SSS1,02-01-2024,4
723,SSS2,02-01-2024,5
723,SSS3,02-01-2024,3
716,JSS1,02-01-2024,1
716,JSS2,02-01-2024,1
716,JSS3,02-01-2024,1
716,SSS1,02-01-2024,1
716,SSS2,02-01-2024,1
716,SSS3,02-01-2024,1
719,JSS1,02-01-2024,2
719,JSS2,02-01-2024,1
719,JSS3,02-01-2024,1
719,SSS1,02-01-2024,1
719,SSS2,02-01-2024,1
719,SSS3,02-01-2024,0
717,JSS1,02-01-2024,2
717,JSS2,02-01-2024,2
717,JSS3,02-01-2024,1
717,SSS1,02-01-2024,1
717,SSS2,02-01-2024,2
717,SSS3,02-01-2024,1
714,JSS1,02-01-2024,2
714,JSS2,02-01-2024,2
714,JSS3,02-01-2024,2
714,SSS1,02-01-2024,2
714,SSS2,02-01-2024,2
714,SSS3,02-01-2024,2
718,JSS1,02-01-2024,2
718,JSS2,02-01-2024,2
718,JSS3,02-01-2024,3
718,SSS1,02-01-2024,2
718,SSS2,02-01-2024,3
718,SSS3,02-01-2024,3
721,JSS1,02-01-2024,3
721,JSS2,02-01-2024,2
721,JSS3,02-01-2024,3
721,SSS1,02-01-2024,2
721,SSS2,02-01-2024,2
721,SSS3,02-01-2024,1
715,JSS1,02-01-2024,1
715,JSS2,02-01-2024,1
715,JSS3,02-01-2024,1
715,SSS1,02-01-2024,1
715,SSS2,02-01-2024,1
715,SSS3,02-01-2024,1
63,JSS1,02-01-2024,2
63,JSS2,02-01-2024,2
63,JSS3,02-01-2024,3
63,SSS1,02-01-2024,2
63,SSS2,02-01-2024,2
63,SSS3,02-01-2024,2
62,JSS1,02-01-2024,3
62,JSS2,02-01-2024,3
62,JSS3,02-01-2024,3
62,SSS1,02-01-2024,2
62,SSS2,02-01-2024,2
62,SSS3,02-01-2024,2
65,JSS1,02-01-2024,4
65,JSS2,02-01-2024,4
65,JSS3,02-01-2024,3
65,SSS1,02-01-2024,4
65,SSS2,02-01-2024,3
65,SSS3,02-01-2024,2
66,JSS1,02-01-2024,0
66,JSS2,02-01-2024,0
66,JSS3,02-01-2024,0
66,SSS1,02-01-2024,0
66,SSS2,02-01-2024,0
66,SSS3,02-01-2024,0
60,JSS1,02-01-2024,1
60,JSS2,02-01-2024,1
60,JSS3,02-01-2024,1
60,SSS1,02-01-2024,1
60,SSS2,02-01-2024,1
60,SSS3,02-01-2024,1
64,JSS1,02-01-2024,2
64,JSS2,02-01-2024,2
64,JSS3,02-01-2024,2
64,SSS1,02-01-2024,2
64,SSS2,02-01-2024,2
64,SSS3,02-01-2024,1
61,JSS1,02-01-2024,1
61,JSS2,02-01-2024,1
61,JSS3,02-01-2024,1
61,SSS1,02-01-2024,1
61,SSS2,02-01-2024,1
61,SSS3,02-01-2024,1
58,JSS1,02-01-2024,0
58,JSS2,02-01-2024,0
58,JSS3,02-01-2024,0
58,SSS1,02-01-2024,0
58,SSS2,02-01-2024,0
58,SSS3,02-01-2024,0
57,JSS1,02-01-2024,2
57,JSS2,02-01-2024,2
57,JSS3,02-01-2024,2
57,SSS1,02-01-2024,2
57,SSS2,02-01-2024,2
57,SSS3,02-01-2024,2
67,JSS1,02-01-2024,2
67,JSS2,02-01-2024,2
67,JSS3,02-01-2024,2
67,SSS1,02-01-2024,1
67,SSS2,02-01-2024,1
67,SSS3,02-01-2024,1
59,JSS1,02-01-2024,1
59,JSS2,02-01-2024,1
59,JSS3,02-01-2024,1
59,SSS1,02-01-2024,1
59,SSS2,02-01-2024,1
59,SSS3,02-01-2024,1
106,JSS1,02-01-2024,1
106,JSS2,02-01-2024,1
106,JSS3,02-01-2024,2
106,SSS1,02-01-2024,1
106,SSS2,02-01-2024,1
106,SSS3,02-01-2024,1
103,JSS1,02-01-2024,1
103,JSS2,02-01-2024,1
103,JSS3,02-01-2024,1
103,SSS1,02-01-2024,1
103,SSS2,02-01-2024,1
103,SSS3,02-01-2024,1
100,JSS1,02-01-2024,1
100,JSS2,02-01-2024,1
100,JSS3,02-01-2024,1
100,SSS1,02-01-2024,1
100,SSS2,02-01-2024,1
100,SSS3,02-01-2024,6
102,JSS1,02-01-2024,1
102,JSS2,02-01-2024,1
102,JSS3,02-01-2024,1
102,SSS1,02-01-2024,1
102,SSS2,02-01-2024,1
102,SSS3,02-01-2024,1
107,JSS1,02-01-2024,0
107,JSS2,02-01-2024,0
107,JSS3,02-01-2024,0
107,SSS1,02-01-2024,0
107,SSS2,02-01-2024,0
107,SSS3,02-01-2024,0
101,JSS1,02-01-2024,1
101,JSS2,02-01-2024,1
101,JSS3,02-01-2024,1
101,SSS1,02-01-2024,1
101,SSS2,02-01-2024,1
101,SSS3,02-01-2024,1
104,JSS1,02-01-2024,1
104,JSS2,02-01-2024,1
104,JSS3,02-01-2024,1
104,SSS1,02-01-2024,0
104,SSS2,02-01-2024,1
104,SSS3,02-01-2024,1
105,JSS1,02-01-2024,0
105,JSS2,02-01-2024,0
105,JSS3,02-01-2024,0
105,SSS1,02-01-2024,0
105,SSS2,02-01-2024,0
105,SSS3,02-01-2024,0
256,JSS1,02-01-2024,1
256,JSS2,02-01-2024,1
256,JSS3,02-01-2024,1
256,SSS1,02-01-2024,1
256,SSS2,02-01-2024,1
256,SSS3,02-01-2024,1
250,JSS1,02-01-2024,3
250,JSS2,02-01-2024,3
250,JSS3,02-01-2024,3
250,SSS1,02-01-2024,2
250,SSS2,02-01-2024,2
250,SSS3,02-01-2024,2
253,JSS1,02-01-2024,3
253,JSS2,02-01-2024,2
253,JSS3,02-01-2024,2
253,SSS1,02-01-2024,2
253,SSS2,02-01-2024,2
253,SSS3,02-01-2024,2
252,JSS1,02-01-2024,1
252,JSS2,02-01-2024,1
252,JSS3,02-01-2024,1
252,SSS1,02-01-2024,1
252,SSS2,02-01-2024,1
252,SSS3,02-01-2024,1
251,JSS1,02-01-2024,2
251,JSS2,02-01-2024,1
251,JSS3,02-01-2024,1
251,SSS1,02-01-2024,1
251,SSS2,02-01-2024,2
251,SSS3,02-01-2024,2
255,JSS1,02-01-2024,1
255,JSS2,02-01-2024,1
255,JSS3,02-01-2024,1
255,SSS1,02-01-2024,1
255,SSS2,02-01-2024,1
255,SSS3,02-01-2024,1
257,JSS1,02-01-2024,1
257,JSS2,02-01-2024,1
257,JSS3,02-01-2024,1
257,SSS1,02-01-2024,1
257,SSS2,02-01-2024,1
257,SSS3,02-01-2024,0
258,JSS1,02-01-2024,1
258,JSS2,02-01-2024,1
258,JSS3,02-01-2024,1
258,SSS1,02-01-2024,1
258,SSS2,02-01-2024,1
258,SSS3,02-01-2024,1
254,JSS1,02-01-2024,1
254,JSS2,02-01-2024,1
254,JSS3,02-01-2024,1
254,SSS1,02-01-2024,0
254,SSS2,02-01-2024,0
254,SSS3,02-01-2024,0
