lga_id,lga_name,school_id,school_name,school_type,lat,long
[13],AGUATA,1,URBAN GIRLS'.SEC.SCH. EKWULOBIA,Secondary,,
[13],AGUATA,1,GIRLS' .SEC. SCH. IGBOUKWU,Secondary,,
[13],AGUATA,1,COMM.SEC. SCH. ISUOFIA,Secondary,,
[13],AGUATA,1,AGUATA HIGH SCH.AGUATA ,Secondary,,
[13],AGUATA,1,GIRLS' HIGH SCHOOL UGA,Secondary,,
[13],AGUATA,1,UGA BOYS' SEC. SCH UGA,Secondary,,
[13],AGUATA,1,COMM. SEC. SCH. UGA,Secondary,,
[13],AGUATA,1,PIONEER SEC. SCH. (GSS) UMUCHU,Secondary,,
[13],AGUATA,1,COMM SEC.SCH. UMUCHU,Secondary,,
[13],AGUATA,1,UMUCHU HIGH. SCH. UMUCHU,Secondary,,
[13],AGUATA,1,GOVT. TECH. COLL. UMUCHU,Secondary,,
[13],AGUATA,1,ST. PETER'S SEC. SCH. ACHINA,Secondary,,
[13],AGUATA,1,COMM. SEC. SCH. ACHINA,Secondary,,
[13],AGUATA,1,COMM. SEC. SCH. NKPOLOGWU,Secondary,,
[13],AGUATA,1,COMM SEC. SCH. ORAERI,Secondary,,
[13],AGUATA,1,COMM SEC. SCH. AGULUEZECHUKWU,Secondary,,
[13],AGUATA,1,COMM SEC. SCH. AKPO,Secondary,,
[13],AGUATA,1,CHRIST THE REDEEMER COLLEGE  AMESI,Secondary,,
[13],AGUATA,1,COMM SEC. SCH. (BSS) IGBOUKWU,Secondary,,
[13],AGUATA,1,COMM SEC. SCH. (BSS) EZINIFITE,Secondary,,
[13],AGUATA,1,EZINIFITE HIGH SCHOOL EZINIFITE,Secondary,,
[7],ORUMBA NORTH,1,"COMM. HIGH SCHOOL, NANKA",Secondary,,
[7],ORUMBA NORTH,1,COMM. SEC. SCH. NANKA,Secondary,,
[7],ORUMBA NORTH,1,COMM. SEC. SCH. OKO,Secondary,,
[7],ORUMBA NORTH,1,COMM. SEC. SCH. NDIKELIONWU,Secondary,,
[7],ORUMBA NORTH,1,COMM SEC. SCH. NDIOWU  ,Secondary,,
[7],ORUMBA NORTH,1,COMM. SEC. SCH. UFUMA,Secondary,,
[7],ORUMBA NORTH,1,COMM. SEC. SCH. ENUGWUABOR UFUMA,Secondary,,
[7],ORUMBA NORTH,1,COMM.SEC. SCH. AWGBU,Secondary,,
[7],ORUMBA NORTH,1,COMM. HIGH.SCH. AWGBU,Secondary,,
[7],ORUMBA NORTH,1,AWGBU GRAMMAR SCH. AWGBU,Secondary,,
[7],ORUMBA NORTH,1,COMM SEC.SCH. AJALI,Secondary,,
[7],ORUMBA NORTH,1,COMM. SEC.SCH. OMOGHO,Secondary,,
[7],ORUMBA NORTH,1,COMM. SEC. SCH AWA,Secondary,,
[7],ORUMBA NORTH,1,COMM SEC SCH NDIUKWUENU,Secondary,,
[7],ORUMBA NORTH,1,COMM.SEC.SCH. OKPEZE,Secondary,,
[7],ORUMBA NORTH,1,COMM.SEC.SCH.NDIOKPALEKE,Secondary,,
[21],ORUMBA SOUTH,1,ALL SAINTS SEC.SCH. UMUNZE,Secondary,,
[21],ORUMBA SOUTH,1,COMM. HIGH. SCH. UMUNZE,Secondary,,
[21],ORUMBA SOUTH,1,GOVT TECHNICAL COLLEGE UMUNZE,Secondary,,
[21],ORUMBA SOUTH,1,COMM. SEC. SCH. IHITE,Secondary,,
[21],ORUMBA SOUTH,1,COMM. HIGH. SCH. NAWFIJA,Secondary,,
[21],ORUMBA SOUTH,1,NEW BETHEL SEC. SCH. ISULO,Secondary,,
[21],ORUMBA SOUTH,1,VICTORY HIGH. SCH. EZIRA,Secondary,,
[21],ORUMBA SOUTH,1,PREMIER SEC. SCH. OGBUNKA (BSS),Secondary,,
[21],ORUMBA SOUTH,1,COMM. .SEC. SCH. OGBUNKA (GSS),Secondary,,
[21],ORUMBA SOUTH,1,UNION SEC.SCH. OWERE EZUKALA,Secondary,,
[21],ORUMBA SOUTH,1,COMM. SEC.SCH. OWERE EZUKALA,Secondary,,
[21],ORUMBA SOUTH,1,COMM. HIGH.SCH. OGBOJI,Secondary,,
[21],ORUMBA SOUTH,1,UNION SEC.SCH. UMUOMAKU,Secondary,,
[21],ORUMBA SOUTH,1,BASDEN MEMORIAL EDU. CENTER ISULO,Secondary,,
[21],ORUMBA SOUTH,1,"COMMUNITY SECONADRY  SCHOOL, EZIAGU",Secondary,,
[9],ANAOCHA,1,ROSA MYSTICA HIGH SCHOOL AGULU,Secondary,,
[9],ANAOCHA,1,FLORA A.M.C SEC.SCH. NENI,Secondary,,
[9],ANAOCHA,1,LORETTO SPE. SEC. SCH. ADAZI NNUKWU,Secondary,,
[9],ANAOCHA,1,COMM. SEC. SCH. OBELEDU,Secondary,,
[9],ANAOCHA,1,COMM. SEC. SCH. ICHIDA,Secondary,,
[9],ANAOCHA,1,COMM. HIGH SCH. AGULUZIGBO,Secondary,,
[9],ANAOCHA,1,BUBENDORFF M.G.S. ADAZI-NNUKWU,Secondary,,
[9],ANAOCHA,1,COMM. SEC. SCH. AGULU,Secondary,,
[9],ANAOCHA,1,OJIAKO MEM0 GRAM SCH. ADAZI-ANI,Secondary,,
[9],ANAOCHA,1,UNION SEC. SCH. AGULU,Secondary,,
[9],ANAOCHA,1,COMM. HIGH SCH. ADAZI,Secondary,,
[9],ANAOCHA,1,COMM HIGH SCH. AKWAEZE,Secondary,,
[9],ANAOCHA,1,AGULU GRAM. SCH. AGULU,Secondary,,
[9],ANAOCHA,1,LAKE-CITY SEC. SCH. NRI,Secondary,,
[9],ANAOCHA,1,COMM. SEC. SCH. ADAZI-NNUKWU,Secondary,,
[9],ANAOCHA,1,REGAL SEC. SCH. NRI,Secondary,,
[15],AWKA NORTH,1,COMM. SEC. SCH. AMANSEA,Secondary,,
[15],AWKA NORTH,1,COMM. SEC. SCH. ISUANIOCHA,Secondary,,
[15],AWKA NORTH,1,COMM. SEC. SCH. EBENEBE,Secondary,,
[15],AWKA NORTH,1,COMM. SEC. SCH. MGBAKWU,Secondary,,
[15],AWKA NORTH,1,COMM. SEC. SCH. ACHALLA,Secondary,,
[15],AWKA NORTH,1,COMM. SEC. SCH. AMANUKE,Secondary,,
[15],AWKA NORTH,1,COMM. SEC. SCH. URUM,Secondary,,
[15],AWKA NORTH,1,"COMMUNITY HIGH SCHOOL, UGBENU",Secondary,,
[15],AWKA NORTH,1,"UNITY COLLEGE UMUJI, EBENEBE",Secondary,,
[15],AWKA NORTH,1,COMM. SEC. SCH. AWBA OFEMILI,Secondary,,
[20],AWKA SOUTH,1,ST. JOHN SEC. SCH. AWKA,Secondary,,
[20],AWKA SOUTH,1,IGWEBUIKE GRAMMER SCH. AWKA,Secondary,,
[20],AWKA SOUTH,1,GIRLS' SEC. SCH. AWKA,Secondary,,
[20],AWKA SOUTH,1,COMM. SEC. SCH UMUOKPU,Secondary,,
[20],AWKA SOUTH,1,CAPITAL CITY SEC. SCH. AWKA,Secondary,,
[20],AWKA SOUTH,1,KENNETH DIKE MEM. SEC. SCH. AWKA,Secondary,,
[20],AWKA SOUTH,1,EZI-AWKA COMM. SEC. SCH. AWKA,Secondary,,
[20],AWKA SOUTH,1,COMM. SEC. SCH. OKPUNO,Secondary,,
[20],AWKA SOUTH,1,NNEOMA COMM. SEC. SCH. NIBO,Secondary,,
[20],AWKA SOUTH,1,COMM. SEC. SCH. MBAUKWU,Secondary,,
[20],AWKA SOUTH,1,EMEKA AGHASILI HIGH SCH. NISE,Secondary,,
[20],AWKA SOUTH,1,COMM. SEC. SCH. AGULU AWKA,Secondary,,
[20],AWKA SOUTH,1,COMM. SEC. SCH. AMAWBIA,Secondary,,
[20],AWKA SOUTH,1,UNION SEC. SCH. UMUAWULU,Secondary,,
[20],AWKA SOUTH,1,UNION SEC. SCH. AMAWBIA,Secondary,,
[20],AWKA SOUTH,1,EZEIKE HIGH SCH. NIBO,Secondary,,
[20],AWKA SOUTH,1,HOLY CROSS HIGH SCH. UMUAWULU/MBAUKWU,Secondary,,
[20],AWKA SOUTH,1,COMM. SEC. SCH. ISIAGU,Secondary,,
[20],AWKA SOUTH,1,"STATE MODEL JUNIOR SEC. SCH., IYIAGU II AWKA",Secondary,,
[12],DUNUKOFIA,1,ST. MARY'S HIGH SCH. IFITEDUNU,Secondary,,
[12],DUNUKOFIA,1,WALTER EZE MEMO SEC. SCH. UKPO,Secondary,,
[12],DUNUKOFIA,1,COMM SEC. SCH. UMUNNACHI,Secondary,,
[12],DUNUKOFIA,1,NNEAMAKA SEC. SCH. IFITEDUNU,Secondary,,
[12],DUNUKOFIA,1,COMM. SEC. SCH. UKPO,Secondary,,
[12],DUNUKOFIA,1,COMM. SEC. SCH. UKWULU,Secondary,,
[12],DUNUKOFIA,1,ST. KIZITO GIRLS' SEC. SCH. UMUDIOKA,Secondary,,
[12],DUNUKOFIA,1,COMM. HIGH SCH. NAWGU,Secondary,,
[11],NJIKOKA,1,COMP. SEC. SCH. NAWFIA,Secondary,,
[11],NJIKOKA,1,GIRLS' SEC. SCH. ABAGANA,Secondary,,
[11],NJIKOKA,1,NNAMDI AZIK. SEC. SCH. ABAGANA,Secondary,,
[11],NJIKOKA,1,IDE SEC. SCH. ENUGWU-UKWU,Secondary,,
[11],NJIKOKA,1,ST. MICHEAL'S MOD.COMP.SEC.SCH. NIMO,Secondary,,
[11],NJIKOKA,1,COMM  SEC  SCH  NIMO,Secondary,,
[11],NJIKOKA,1,COMM. SEC. SCH. ABBA,Secondary,,
[11],NJIKOKA,1,GOVT. TECH. COLLEGE ENUGWU-AGIDI,Secondary,,
[11],NJIKOKA,1,COMM. SEC. SCH. ENUGWU-AGIDI,Secondary,,
[11],NJIKOKA,1,NAWFIA COMM. SEC. SCH. NAWFIA,Secondary,,
[11],NJIKOKA,1,OKUTALUKWE COMM. SEC. SCH. E/UKWU,Secondary,,
[10],NNEWI NORTH,1,"GIRLS' SEC. SCHOOL, NNEWI",Secondary,,
[10],NNEWI NORTH,1,M. REGINA MOD. COM. SEC. SCH. NNEWI,Secondary,,
[10],NNEWI NORTH,1,"NNEWI HIGH SCHOOL, NNEWI",Secondary,,
[10],NNEWI NORTH,1,"NIGERIAN SC. & TECH. COLLEGE, NNEWI",Secondary,,
[10],NNEWI NORTH,1,"OKONGWU MEM. GRAM. SCH, NNEWI",Secondary,,
[10],NNEWI NORTH,1,"WOMEN ED. CENTRE, NNEWI",Secondary,,
[10],NNEWI NORTH,1,"COMM. SEC. SCH. NNEWICHI, NNEWI",Secondary,,
[10],NNEWI NORTH,1,"AKABOEZEM COMM.SCH, URUAGU NNEWI",Secondary,,
[4],NNEWI SOUTH,1,"UNION SEC. SCHOOL, (BSS) AMICHI",Secondary,,
[4],NNEWI SOUTH,1,"COMMUNITY SEC. SCHOOL, AMICHI",Secondary,,
[4],NNEWI SOUTH,1,COMMUNITY SEC. SCH.  AZIGBO,Secondary,,
[4],NNEWI SOUTH,1,"COMMUNITY SEC. SCHOOL, EBENATOR",Secondary,,
[4],NNEWI SOUTH,1,"COMMUNITY SEC. SCHOOL, EKWULUMILI",Secondary,,
[4],NNEWI SOUTH,1,"COMMUNITY HIGH SCHOOL, EZINIFITE",Secondary,,
[4],NNEWI SOUTH,1,"AWO-EZIMUZO CSS, EZINIFITE",Secondary,,
[4],NNEWI SOUTH,1,OSUMENYI HIGH SCH OSUMENYI ,Secondary,,
[4],NNEWI SOUTH,1,"COMMUNITY HIGH SCHOOL, OSUMENYI",Secondary,,
[4],NNEWI SOUTH,1,"COMMUNITY SEC. SCHOOL, UKPOR",Secondary,,
[4],NNEWI SOUTH,1,"UKPOR HIGH SCHOOL, UKPOR",Secondary,,
[4],NNEWI SOUTH,1,UNUBI HIGH SCHOOL UNUBI,Secondary,,
[4],NNEWI SOUTH,1,ST. JOHNBOSCO (PREMIER) SEC. SCH. UNUBI,Secondary,,
[4],NNEWI SOUTH,1,"UTUH HIGH SCHOOL, UTUH",Secondary,,
[4],NNEWI SOUTH,1,"GOVT. TECHNICAL COLLEGE, UTUH",Secondary,,
[4],NNEWI SOUTH,1,"COMMUNITY SEC. SCHOOL, AKWAIHEDI",Secondary,,
[4],NNEWI SOUTH,1,EBE UNITY COLLEGE UKPOR,Secondary,,
[17],EKWUSIGO,1,"UNION SEC. SCHOOL, ICHI ",Secondary,,
[17],EKWUSIGO,1,"COMMUNITY SEC. SCHOOL, IHEMBOSI",Secondary,,
[17],EKWUSIGO,1,"BOYS' SEC. SCHOOL, ORAIFITE",Secondary,,
[17],EKWUSIGO,1,"COMMUNITY (GIRLS') SEC. SCHOOL, ORAIFITE",Secondary,,
[17],EKWUSIGO,1,"COMMUNITY SEC. SCHOOL, OZUBULU",Secondary,,
[17],EKWUSIGO,1,"CATH. GIRLS' SEC. SCHOOL, OZUBULU",Secondary,,
[17],EKWUSIGO,1,"ZIXTON SEC. SCHOOL, OZUBULU",Secondary,,
[17],EKWUSIGO,1,"GOVT. TECHNICAL COLLEGE, ICHI",Secondary,,
[16],IHIALA,1,"COMMUNITY HIGH SCHOOL, AMORKA",Secondary,,
[16],IHIALA,1,"COMMUNITY SEC. SCHOOL, AZIA",Secondary,,
[16],IHIALA,1,"ST. ANTHONY'S SEC. SCHOOL, AZIA",Secondary,,
[16],IHIALA,1,"ABBOT GIRLS SEC. SCHOOL, IHIALA",Secondary,,
[16],IHIALA,1,"ABBOT BOY'S SEC. SCHOOL, IHIALA",Secondary,,
[16],IHIALA,1,G.T.C. IHIALA,Secondary,,
[16],IHIALA,1,"ST. JUDE SEC. SCHOOL, IHIALA",Secondary,,
[16],IHIALA,1,"COMMUNITY SEC. SCHOOL, ISSEKE",Secondary,,
[16],IHIALA,1,"COMMUNITY SEC. SCHOOL, LILU",Secondary,,
[16],IHIALA,1,ST. AUGUSTINE COLLEGE  MBOSI,Secondary,,
[16],IHIALA,1,"UNION SEC. SCHOOL, OKIJA",Secondary,,
[16],IHIALA,1,"OKIJA GRAM. SCHOOL, OKIJA",Secondary,,
[16],IHIALA,1,"COMMUNITY SEC. SCH, ORSUMUOGHU",Secondary,,
[16],IHIALA,1,"ULI HIGH SCHOOL, ULI",Secondary,,
[16],IHIALA,1,COMMUNITY HIGH SCH. UMUOMA-ULI,Secondary,,
[16],IHIALA,1,ASSUMPTION GIRLS ULI,Secondary,,
[16],IHIALA,1,COMM. SEC. SCH. OGWUANIOCHA,Secondary,,
[8],IDEMILI NORTH,1,NOTRE DAME HIGH SCHOOL ABATETE,Secondary,,
[8],IDEMILI NORTH,1,ABANNA GIRLS SEC. SCH. ABATETE,Secondary,,
[8],IDEMILI NORTH,1,COMM. SEC. SCH. EZIOWELLE,Secondary,,
[8],IDEMILI NORTH,1,COMM. SEC. SCH. IDEANI,Secondary,,
[8],IDEMILI NORTH,1,GOVT. TECHNICAL COLLEGE NKPOR,Secondary,,
[8],IDEMILI NORTH,1,URBAN SEC. SCH. NKPOR,Secondary,,
[8],IDEMILI NORTH,1,COMM. SEC. SCH. OBOSI,Secondary,,
[8],IDEMILI NORTH,1,UNION SEC. SCH. OBOSI (G.S.S. OBOSI),Secondary,,
[8],IDEMILI NORTH,1,ARCHB. HEEREY TECH. COL.  OGIDI,Secondary,,
[8],IDEMILI NORTH,1,GIRLS' SEC. SCH. OGIDI (A.G.S.S. OGIDI),Secondary,,
[8],IDEMILI NORTH,1,COMM. SEC. SCH. ORAUKWU,Secondary,,
[8],IDEMILI NORTH,1,ORAUKWU GRAMMAR SCH. ORAUKWU,Secondary,,
[8],IDEMILI NORTH,1,COMM. SEC. SCH. UKE,Secondary,,
[8],IDEMILI NORTH,1,MATER AMABILIS SEC. SCH. UMUOJI,Secondary,,
[8],IDEMILI NORTH,1,COMM. SEC. SCH. UMUOJI,Secondary,,
[8],IDEMILI NORTH,1,AWADA SEC. SCH. AWADA,Secondary,,
[3],IDEMILI SOUTH,1,ST. JOHN SEC. SCH. AKWA-UKWU,Secondary,,
[3],IDEMILI SOUTH,1,ST. JOHN'S SCIENCE & TEC. ALOR,Secondary,,
[3],IDEMILI SOUTH,1,GIRLS' SEC. SCH. ALOR,Secondary,,
[3],IDEMILI SOUTH,1,GIRLS' SEC. SCH. AWKA-ETITI,Secondary,,
[3],IDEMILI SOUTH,1,ST. JOSEPH'S SEC. SCH. AWKA-ETITI,Secondary,,
[3],IDEMILI SOUTH,1,OUR LADY'S SEC. SCH. NNOBI,Secondary,,
[3],IDEMILI SOUTH,1,COMM. SEC. SCH. NNOBI,Secondary,,
[3],IDEMILI SOUTH,1,COMM. SEC. SCH. NNOKWA,Secondary,,
[3],IDEMILI SOUTH,1,UNITY SEC. SCH. NNOKWA,Secondary,,
[3],IDEMILI SOUTH,1,GIRLS' SEC. SCH. OBA,Secondary,,
[3],IDEMILI SOUTH,1,MERCHANT OF LIGHT SEC. SCH. OBA,Secondary,,
[3],IDEMILI SOUTH,1,BOYS' SEC. SCH. OJOTO,Secondary,,
[3],IDEMILI SOUTH,1,GIRLS' SEC. SCH. OJOTO,Secondary,,
[5],OYI,1,COMM. SEC. SCH. AWKUZU,Secondary,,
[5],OYI,1,UNITY SEC. SCH. AWKUZU,Secondary,,
[5],OYI,1,MODEL COMPR. SEC. SCH. N/EZUNAKA,Secondary,,
[5],OYI,1,COMM. HIGH SCH. N/EZUNAKA,Secondary,,
[5],OYI,1,COMM. HIGH SCH. NTEJE,Secondary,,
[5],OYI,1,NEW ERA SEC. SCH. NTEJE,Secondary,,
[5],OYI,1,CAVE CITY SEC. SCH. OGBUNIKE,Secondary,,
[5],OYI,1,ST. MONICA'S COLLEGE OGBUNIKE,Secondary,,
[5],OYI,1,PROGRESSIVE SEC. SCH. UMUNYA,Secondary,,
[5],OYI,1,COMM. SEC. SCH. UMUNYA,Secondary,,
[5],OYI,1,WOMEN EDUCATION CENTRE AWKUZU,Secondary,,
[14],ONITSHA NORTH,1,DENNIS MEMO. GRAM. SCHOOL,Secondary,,
[14],ONITSHA NORTH,1,ANGLICAN GIRLS' SEC. SCH. ONITSHA,Secondary,,
[14],ONITSHA NORTH,1,QUEEN OF ROSARY SCHOOL,Secondary,,
[14],ONITSHA NORTH,1,ADO GIRLS' SEC. SCHOOL,Secondary,,
[14],ONITSHA NORTH,1,ST. CHARLES SEC. SCHOOL,Secondary,,
[14],ONITSHA NORTH,1,EASTERN ACADEMY,Secondary,,
[14],ONITSHA NORTH,1,NEW ERA GIRLS' SEC. SCH.,Secondary,,
[14],ONITSHA NORTH,1,INLAND GIRLS' SEC. SCHOOL,Secondary,,
[14],ONITSHA NORTH,1,WASHINGTON MEM. SEC. SCH.,Secondary,,
[14],ONITSHA NORTH,1,PATTERSON MEMO GRAM SCHOOL OSHA,Secondary,,
[14],ONITSHA NORTH,1,PRINCE MEM. SEC. ONITSHA,Secondary,,
[14],ONITSHA NORTH,1,ARMY DAY SEC. SCHOOL,Secondary,,
[14],ONITSHA NORTH,1,METROPOLITAN COLLEGE,Secondary,,
[14],ONITSHA NORTH,1,GOVT. TECH. COLLEGE,Secondary,,
[14],ONITSHA NORTH,1,ONITSHA HIGH SCHOOL,Secondary,,
[14],ONITSHA NORTH,1,"OUR LADY'S HIGH SCHOOL, ",Secondary,,
[1],ONITSHA SOUTH,1,CHRIST THE KING COLLEGE,Secondary,,
[1],ONITSHA SOUTH,1,MODEBE MEM. SEC. SCHOOL,Secondary,,
[1],ONITSHA SOUTH,1,METU MEM.SEC.SCHOOL,Secondary,,
[1],ONITSHA SOUTH,1,URBAN GIRLS SEC SCHOOL,Secondary,,
[1],ONITSHA SOUTH,1,URBAN BOYS SEC SCHOOL,Secondary,,
[1],ONITSHA SOUTH,1,SPECIAL SEC SCH FOR THE DEAF,Secondary,,
[19],OGBARU,1,OGBARU HIGH. SCH.OGBAKUBA,Secondary,,
[19],OGBARU,1,IDEKE GRAMM.SEC. SCH IDEKE,Secondary,,
[19],OGBARU,1,UNITY COMP.GIRLS HIGH SCH. OKPOKO,Secondary,,
[19],OGBARU,1,COMM. SEC.SCH.OKPOKO(BOYS'),Secondary,,
[19],OGBARU,1,COMM.HIGH SEC.SCH.(CGSS) OKPOKO,Secondary,,
[19],OGBARU,1,COMM. SEC. SCH. ATANI,Secondary,,
[19],OGBARU,1, GOVT TECH. COLLEGE. OSOMALA             ,Secondary,,
[19],OGBARU,1,COMM. SEC. SCH IYIOWA ODEKPE,Secondary,,
[19],OGBARU,1,JOSEPHINE ODUAH MEMO.SEC.SCH. AKILI-OZIZOR,Secondary,,
[19],OGBARU,1,ANTHONY OBAZE MEMO COMM SEC  SCH OCHUCHE,Secondary,,
[18],ANAMBRA EAST,1,FR. JMHS AGULERI,Secondary,,
[18],ANAMBRA EAST,1,CSS UMUOBA ANAM,Secondary,,
[18],ANAMBRA EAST,1,JCMSS AGULERI,Secondary,,
[18],ANAMBRA EAST,1,SMC UMUERI,Secondary,,
[18],ANAMBRA EAST,1,CSS IFITE UMUERI,Secondary,,
[18],ANAMBRA EAST,1,GTC UMUERI,Secondary,,
[18],ANAMBRA EAST,1,CSS NANDO,Secondary,,
[18],ANAMBRA EAST,1,CHS IGBARIAM,Secondary,,
[18],ANAMBRA EAST,1,CHS  NSUGBE,Secondary,,
[18],ANAMBRA EAST,1,WOSS ENUGWU AGULERI,Secondary,,
[18],ANAMBRA EAST,1,CMASS ENUGU-OTU,Secondary,,
[2],ANAMBRA WEST,1,CSS UMUEZE ANAM,Secondary,,
[2],ANAMBRA WEST,1,CSS IFITE ANAM MMIATA,Secondary,,
[2],ANAMBRA WEST,1,AHS OROMA ETITI,Secondary,,
[2],ANAMBRA WEST,1,CKC UMUEM,Secondary,,
[2],ANAMBRA WEST,1,UCSS INOMA AKATOR,Secondary,,
[2],ANAMBRA WEST,1,CCSS NZAM,Secondary,,
[2],ANAMBRA WEST,1,CSS IGBEDOR,Secondary,,
[2],ANAMBRA WEST,1,CSS OWELLE,Secondary,,
[6],AYAMELUM,1,OGBE HIGH SCHOOL ANAKU,Secondary,,
[6],AYAMELUM,1,AMIKWE CSS OMOR,Secondary,,
[6],AYAMELUM,1,CSS OMOR,Secondary,,
[6],AYAMELUM,1,CSS IGBAKWU,Secondary,,
[6],AYAMELUM,1,CSS IFITE OGWARI,Secondary,,
[6],AYAMELUM,1,CSS UMUMBO,Secondary,,
[6],AYAMELUM,1,RSS UMERUM,Secondary,,
[6],AYAMELUM,1,USS OMASI,Secondary,,
[6],AYAMELUM,1,CSS UMUEJE,Secondary,,
