lga_id,school_id,school_name,school_type,lat,long,level
13,1,URBAN GIRLS'.SEC.SCH. EKWULOBIA,Secondary,,,
13,2,GIRLS' .SEC. SCH. IGBOUKWU,Secondary,,,
13,3,COMM.SEC. SCH. ISUOFIA,Secondary,,,
13,4,AGUATA HIGH SCH.AGUATA ,Secondary,,,
13,5,GIRLS' HIGH SCHOOL UGA,Secondary,,,
13,6,UGA BOYS' SEC. SCH UGA,Secondary,,,
13,7,COMM. SEC. SCH. UGA,Secondary,,,
13,8,PIONEER SEC. SCH. (GSS) UMUCHU,Secondary,,,
13,9,COMM SEC.SCH. UMUCHU,Secondary,,,
13,10,UMUCHU HIGH. SCH. UMUCHU,Secondary,,,
13,11,GOVT. TECH. COLL. UMUCHU,Secondary,,,
13,12,ST. PETER'S SEC. SCH. ACHINA,Secondary,,,
13,13,COMM. SEC. SCH. ACHINA,Secondary,,,
13,14,COMM. SEC. SCH. NKPOLOGWU,Secondary,,,
13,15,COMM SEC. SCH. ORAERI,Secondary,,,
13,16,COMM SEC. SCH. AGULUEZECHUKWU,Secondary,,,
13,17,COMM SEC. SCH. AKPO,Secondary,,,
13,18,CHRIST THE REDEEMER COLLEGE  AMESI,Secondary,,,
13,19,COMM SEC. SCH. (BSS) IGBOUKWU,Secondary,,,
13,20,COMM SEC. SCH. (BSS) EZINIFITE,Secondary,,,
13,21,EZINIFITE HIGH SCHOOL EZINIFITE,Secondary,,,
7,22,"COMM. HIGH SCHOOL, NANKA",Secondary,,,
7,23,COMM. SEC. SCH. NANKA,Secondary,,,
7,24,COMM. SEC. SCH. OKO,Secondary,,,
7,25,COMM. SEC. SCH. NDIKELIONWU,Secondary,,,
7,26,COMM SEC. SCH. NDIOWU  ,Secondary,,,
7,27,COMM. SEC. SCH. UFUMA,Secondary,,,
7,28,COMM. SEC. SCH. ENUGWUABOR UFUMA,Secondary,,,
7,29,COMM.SEC. SCH. AWGBU,Secondary,,,
7,30,COMM. HIGH.SCH. AWGBU,Secondary,,,
7,31,AWGBU GRAMMAR SCH. AWGBU,Secondary,,,
7,32,COMM SEC.SCH. AJALI,Secondary,,,
7,33,COMM. SEC.SCH. OMOGHO,Secondary,,,
7,34,COMM. SEC. SCH AWA,Secondary,,,
7,35,COMM SEC SCH NDIUKWUENU,Secondary,,,
7,36,COMM.SEC.SCH. OKPEZE,Secondary,,,
7,37,COMM.SEC.SCH.NDIOKPALEKE,Secondary,,,
21,38,ALL SAINTS SEC.SCH. UMUNZE,Secondary,,,
21,39,COMM. HIGH. SCH. UMUNZE,Secondary,,,
21,40,GOVT TECHNICAL COLLEGE UMUNZE,Secondary,,,
21,41,COMM. SEC. SCH. IHITE,Secondary,,,
21,42,COMM. HIGH. SCH. NAWFIJA,Secondary,,,
21,43,NEW BETHEL SEC. SCH. ISULO,Secondary,,,
21,44,VICTORY HIGH. SCH. EZIRA,Secondary,,,
21,45,PREMIER SEC. SCH. OGBUNKA (BSS),Secondary,,,
21,46,COMM. .SEC. SCH. OGBUNKA (GSS),Secondary,,,
21,47,UNION SEC.SCH. OWERE EZUKALA,Secondary,,,
21,48,COMM. SEC.SCH. OWERE EZUKALA,Secondary,,,
21,49,COMM. HIGH.SCH. OGBOJI,Secondary,,,
21,50,UNION SEC.SCH. UMUOMAKU,Secondary,,,
21,51,BASDEN MEMORIAL EDU. CENTER ISULO,Secondary,,,
21,52,"COMMUNITY SECONADRY  SCHOOL, EZIAGU",Secondary,,,
9,53,ROSA MYSTICA HIGH SCHOOL AGULU,Secondary,,,
9,54,FLORA A.M.C SEC.SCH. NENI,Secondary,,,
9,55,LORETTO SPE. SEC. SCH. ADAZI NNUKWU,Secondary,,,
9,56,COMM. SEC. SCH. OBELEDU,Secondary,,,
9,57,COMM. SEC. SCH. ICHIDA,Secondary,,,
9,58,COMM. HIGH SCH. AGULUZIGBO,Secondary,,,
9,59,BUBENDORFF M.G.S. ADAZI-NNUKWU,Secondary,,,
9,60,COMM. SEC. SCH. AGULU,Secondary,,,
9,61,OJIAKO MEM0 GRAM SCH. ADAZI-ANI,Secondary,,,
9,62,UNION SEC. SCH. AGULU,Secondary,,,
9,63,COMM. HIGH SCH. ADAZI,Secondary,,,
9,64,COMM HIGH SCH. AKWAEZE,Secondary,,,
9,65,AGULU GRAM. SCH. AGULU,Secondary,,,
9,66,LAKE-CITY SEC. SCH. NRI,Secondary,,,
9,67,COMM. SEC. SCH. ADAZI-NNUKWU,Secondary,,,
9,68,REGAL SEC. SCH. NRI,Secondary,,,
15,69,COMM. SEC. SCH. AMANSEA,Secondary,,,
15,70,COMM. SEC. SCH. ISUANIOCHA,Secondary,,,
15,71,COMM. SEC. SCH. EBENEBE,Secondary,,,
15,72,COMM. SEC. SCH. MGBAKWU,Secondary,,,
15,73,COMM. SEC. SCH. ACHALLA,Secondary,,,
15,74,COMM. SEC. SCH. AMANUKE,Secondary,,,
15,75,COMM. SEC. SCH. URUM,Secondary,,,
15,76,"COMMUNITY HIGH SCHOOL, UGBENU",Secondary,,,
15,77,"UNITY COLLEGE UMUJI, EBENEBE",Secondary,,,
15,78,COMM. SEC. SCH. AWBA OFEMILI,Secondary,,,
20,79,ST. JOHN SEC. SCH. AWKA,Secondary,,,
20,80,IGWEBUIKE GRAMMER SCH. AWKA,Secondary,,,
20,81,GIRLS' SEC. SCH. AWKA,Secondary,,,
20,82,COMM. SEC. SCH UMUOKPU,Secondary,,,
20,83,CAPITAL CITY SEC. SCH. AWKA,Secondary,,,
20,84,KENNETH DIKE MEM. SEC. SCH. AWKA,Secondary,,,
20,85,EZI-AWKA COMM. SEC. SCH. AWKA,Secondary,,,
20,86,COMM. SEC. SCH. OKPUNO,Secondary,,,
20,87,NNEOMA COMM. SEC. SCH. NIBO,Secondary,,,
20,88,COMM. SEC. SCH. MBAUKWU,Secondary,,,
20,89,EMEKA AGHASILI HIGH SCH. NISE,Secondary,,,
20,90,COMM. SEC. SCH. AGULU AWKA,Secondary,,,
20,91,COMM. SEC. SCH. AMAWBIA,Secondary,,,
20,92,UNION SEC. SCH. UMUAWULU,Secondary,,,
20,93,UNION SEC. SCH. AMAWBIA,Secondary,,,
20,94,EZEIKE HIGH SCH. NIBO,Secondary,,,
20,95,HOLY CROSS HIGH SCH. UMUAWULU/MBAUKWU,Secondary,,,
20,96,COMM. SEC. SCH. ISIAGU,Secondary,,,
20,97,"STATE MODEL JUNIOR SEC. SCH., IYIAGU II AWKA",Secondary,,,
12,98,ST. MARY'S HIGH SCH. IFITEDUNU,Secondary,,,
12,99,WALTER EZE MEMO SEC. SCH. UKPO,Secondary,,,
12,100,COMM SEC. SCH. UMUNNACHI,Secondary,,,
12,101,NNEAMAKA SEC. SCH. IFITEDUNU,Secondary,,,
12,102,COMM. SEC. SCH. UKPO,Secondary,,,
12,103,COMM. SEC. SCH. UKWULU,Secondary,,,
12,104,ST. KIZITO GIRLS' SEC. SCH. UMUDIOKA,Secondary,,,
12,105,COMM. HIGH SCH. NAWGU,Secondary,,,
11,106,COMP. SEC. SCH. NAWFIA,Secondary,,,
11,107,GIRLS' SEC. SCH. ABAGANA,Secondary,,,
11,108,NNAMDI AZIK. SEC. SCH. ABAGANA,Secondary,,,
11,109,IDE SEC. SCH. ENUGWU-UKWU,Secondary,,,
11,110,ST. MICHEAL'S MOD.COMP.SEC.SCH. NIMO,Secondary,,,
11,111,COMM  SEC  SCH  NIMO,Secondary,,,
11,112,COMM. SEC. SCH. ABBA,Secondary,,,
11,113,GOVT. TECH. COLLEGE ENUGWU-AGIDI,Secondary,,,
11,114,COMM. SEC. SCH. ENUGWU-AGIDI,Secondary,,,
11,115,NAWFIA COMM. SEC. SCH. NAWFIA,Secondary,,,
11,116,OKUTALUKWE COMM. SEC. SCH. E/UKWU,Secondary,,,
10,117,"GIRLS' SEC. SCHOOL, NNEWI",Secondary,,,
10,118,M. REGINA MOD. COM. SEC. SCH. NNEWI,Secondary,,,
10,119,"NNEWI HIGH SCHOOL, NNEWI",Secondary,,,
10,120,"NIGERIAN SC. & TECH. COLLEGE, NNEWI",Secondary,,,
10,121,"OKONGWU MEM. GRAM. SCH, NNEWI",Secondary,,,
10,122,"WOMEN ED. CENTRE, NNEWI",Secondary,,,
10,123,"COMM. SEC. SCH. NNEWICHI, NNEWI",Secondary,,,
10,124,"AKABOEZEM COMM.SCH, URUAGU NNEWI",Secondary,,,
4,125,"UNION SEC. SCHOOL, (BSS) AMICHI",Secondary,,,
4,126,"COMMUNITY SEC. SCHOOL, AMICHI",Secondary,,,
4,127,COMMUNITY SEC. SCH.  AZIGBO,Secondary,,,
4,128,"COMMUNITY SEC. SCHOOL, EBENATOR",Secondary,,,
4,129,"COMMUNITY SEC. SCHOOL, EKWULUMILI",Secondary,,,
4,130,"COMMUNITY HIGH SCHOOL, EZINIFITE",Secondary,,,
4,131,"AWO-EZIMUZO CSS, EZINIFITE",Secondary,,,
4,132,OSUMENYI HIGH SCH OSUMENYI ,Secondary,,,
4,133,"COMMUNITY HIGH SCHOOL, OSUMENYI",Secondary,,,
4,134,"COMMUNITY SEC. SCHOOL, UKPOR",Secondary,,,
4,135,"UKPOR HIGH SCHOOL, UKPOR",Secondary,,,
4,136,UNUBI HIGH SCHOOL UNUBI,Secondary,,,
4,137,ST. JOHNBOSCO (PREMIER) SEC. SCH. UNUBI,Secondary,,,
4,138,"UTUH HIGH SCHOOL, UTUH",Secondary,,,
4,139,"GOVT. TECHNICAL COLLEGE, UTUH",Secondary,,,
4,140,"COMMUNITY SEC. SCHOOL, AKWAIHEDI",Secondary,,,
4,141,EBE UNITY COLLEGE UKPOR,Secondary,,,
17,142,"UNION SEC. SCHOOL, ICHI ",Secondary,,,
17,143,"COMMUNITY SEC. SCHOOL, IHEMBOSI",Secondary,,,
17,144,"BOYS' SEC. SCHOOL, ORAIFITE",Secondary,,,
17,145,"COMMUNITY (GIRLS') SEC. SCHOOL, ORAIFITE",Secondary,,,
17,146,"COMMUNITY SEC. SCHOOL, OZUBULU",Secondary,,,
17,147,"CATH. GIRLS' SEC. SCHOOL, OZUBULU",Secondary,,,
17,148,"ZIXTON SEC. SCHOOL, OZUBULU",Secondary,,,
17,149,"GOVT. TECHNICAL COLLEGE, ICHI",Secondary,,,
16,150,"COMMUNITY HIGH SCHOOL, AMORKA",Secondary,,,
16,151,"COMMUNITY SEC. SCHOOL, AZIA",Secondary,,,
16,152,"ST. ANTHONY'S SEC. SCHOOL, AZIA",Secondary,,,
16,153,"ABBOT GIRLS SEC. SCHOOL, IHIALA",Secondary,,,
16,154,"ABBOT BOY'S SEC. SCHOOL, IHIALA",Secondary,,,
16,155,G.T.C. IHIALA,Secondary,,,
16,156,"ST. JUDE SEC. SCHOOL, IHIALA",Secondary,,,
16,157,"COMMUNITY SEC. SCHOOL, ISSEKE",Secondary,,,
16,158,"COMMUNITY SEC. SCHOOL, LILU",Secondary,,,
16,159,ST. AUGUSTINE COLLEGE  MBOSI,Secondary,,,
16,160,"UNION SEC. SCHOOL, OKIJA",Secondary,,,
16,161,"OKIJA GRAM. SCHOOL, OKIJA",Secondary,,,
16,162,"COMMUNITY SEC. SCH, ORSUMUOGHU",Secondary,,,
16,163,"ULI HIGH SCHOOL, ULI",Secondary,,,
16,164,COMMUNITY HIGH SCH. UMUOMA-ULI,Secondary,,,
16,165,ASSUMPTION GIRLS ULI,Secondary,,,
16,166,COMM. SEC. SCH. OGWUANIOCHA,Secondary,,,
8,167,NOTRE DAME HIGH SCHOOL ABATETE,Secondary,,,
8,168,ABANNA GIRLS SEC. SCH. ABATETE,Secondary,,,
8,169,COMM. SEC. SCH. EZIOWELLE,Secondary,,,
8,170,COMM. SEC. SCH. IDEANI,Secondary,,,
8,171,GOVT. TECHNICAL COLLEGE NKPOR,Secondary,,,
8,172,URBAN SEC. SCH. NKPOR,Secondary,,,
8,173,COMM. SEC. SCH. OBOSI,Secondary,,,
8,174,UNION SEC. SCH. OBOSI (G.S.S. OBOSI),Secondary,,,
8,175,ARCHB. HEEREY TECH. COL.  OGIDI,Secondary,,,
8,176,GIRLS' SEC. SCH. OGIDI (A.G.S.S. OGIDI),Secondary,,,
8,177,COMM. SEC. SCH. ORAUKWU,Secondary,,,
8,178,ORAUKWU GRAMMAR SCH. ORAUKWU,Secondary,,,
8,179,COMM. SEC. SCH. UKE,Secondary,,,
8,180,MATER AMABILIS SEC. SCH. UMUOJI,Secondary,,,
8,181,COMM. SEC. SCH. UMUOJI,Secondary,,,
8,182,AWADA SEC. SCH. AWADA,Secondary,,,
3,183,ST. JOHN SEC. SCH. AKWA-UKWU,Secondary,,,
3,184,ST. JOHN'S SCIENCE & TEC. ALOR,Secondary,,,
3,185,GIRLS' SEC. SCH. ALOR,Secondary,,,
3,186,GIRLS' SEC. SCH. AWKA-ETITI,Secondary,,,
3,187,ST. JOSEPH'S SEC. SCH. AWKA-ETITI,Secondary,,,
3,188,OUR LADY'S SEC. SCH. NNOBI,Secondary,,,
3,189,COMM. SEC. SCH. NNOBI,Secondary,,,
3,190,COMM. SEC. SCH. NNOKWA,Secondary,,,
3,191,UNITY SEC. SCH. NNOKWA,Secondary,,,
3,192,GIRLS' SEC. SCH. OBA,Secondary,,,
3,193,MERCHANT OF LIGHT SEC. SCH. OBA,Secondary,,,
3,194,BOYS' SEC. SCH. OJOTO,Secondary,,,
3,195,GIRLS' SEC. SCH. OJOTO,Secondary,,,
5,196,COMM. SEC. SCH. AWKUZU,Secondary,,,
5,197,UNITY SEC. SCH. AWKUZU,Secondary,,,
5,198,MODEL COMPR. SEC. SCH. N/EZUNAKA,Secondary,,,
5,199,COMM. HIGH SCH. N/EZUNAKA,Secondary,,,
5,200,COMM. HIGH SCH. NTEJE,Secondary,,,
5,201,NEW ERA SEC. SCH. NTEJE,Secondary,,,
5,202,CAVE CITY SEC. SCH. OGBUNIKE,Secondary,,,
5,203,ST. MONICA'S COLLEGE OGBUNIKE,Secondary,,,
5,204,PROGRESSIVE SEC. SCH. UMUNYA,Secondary,,,
5,205,COMM. SEC. SCH. UMUNYA,Secondary,,,
5,206,WOMEN EDUCATION CENTRE AWKUZU,Secondary,,,
14,207,DENNIS MEMO. GRAM. SCHOOL,Secondary,,,
14,208,ANGLICAN GIRLS' SEC. SCH. ONITSHA,Secondary,,,
14,209,QUEEN OF ROSARY SCHOOL,Secondary,,,
14,210,ADO GIRLS' SEC. SCHOOL,Secondary,,,
14,211,ST. CHARLES SEC. SCHOOL,Secondary,,,
14,212,EASTERN ACADEMY,Secondary,,,
14,213,NEW ERA GIRLS' SEC. SCH.,Secondary,,,
14,214,INLAND GIRLS' SEC. SCHOOL,Secondary,,,
14,215,WASHINGTON MEM. SEC. SCH.,Secondary,,,
14,216,PATTERSON MEMO GRAM SCHOOL OSHA,Secondary,,,
14,217,PRINCE MEM. SEC. ONITSHA,Secondary,,,
14,218,ARMY DAY SEC. SCHOOL,Secondary,,,
14,219,METROPOLITAN COLLEGE,Secondary,,,
14,220,GOVT. TECH. COLLEGE,Secondary,,,
14,221,ONITSHA HIGH SCHOOL,Secondary,,,
14,222,"OUR LADY'S HIGH SCHOOL, ",Secondary,,,
1,223,CHRIST THE KING COLLEGE,Secondary,,,
1,224,MODEBE MEM. SEC. SCHOOL,Secondary,,,
1,225,METU MEM.SEC.SCHOOL,Secondary,,,
1,226,URBAN GIRLS SEC SCHOOL,Secondary,,,
1,227,URBAN BOYS SEC SCHOOL,Secondary,,,
1,228,SPECIAL SEC SCH FOR THE DEAF,Secondary,,,
19,229,OGBARU HIGH. SCH.OGBAKUBA,Secondary,,,
19,230,IDEKE GRAMM.SEC. SCH IDEKE,Secondary,,,
19,231,UNITY COMP.GIRLS HIGH SCH. OKPOKO,Secondary,,,
19,232,COMM. SEC.SCH.OKPOKO(BOYS'),Secondary,,,
19,233,COMM.HIGH SEC.SCH.(CGSS) OKPOKO,Secondary,,,
19,234,COMM. SEC. SCH. ATANI,Secondary,,,
19,235, GOVT TECH. COLLEGE. OSOMALA             ,Secondary,,,
19,236,COMM. SEC. SCH IYIOWA ODEKPE,Secondary,,,
19,237,JOSEPHINE ODUAH MEMO.SEC.SCH. AKILI-OZIZOR,Secondary,,,
19,238,ANTHONY OBAZE MEMO COMM SEC  SCH OCHUCHE,Secondary,,,
18,239,FR. JMHS AGULERI,Secondary,,,
18,240,CSS UMUOBA ANAM,Secondary,,,
18,241,JCMSS AGULERI,Secondary,,,
18,242,SMC UMUERI,Secondary,,,
18,243,CSS IFITE UMUERI,Secondary,,,
18,244,GTC UMUERI,Secondary,,,
18,245,CSS NANDO,Secondary,,,
18,246,CHS IGBARIAM,Secondary,,,
18,247,CHS  NSUGBE,Secondary,,,
18,248,WOSS ENUGWU AGULERI,Secondary,,,
18,249,CMASS ENUGU-OTU,Secondary,,,
2,250,CSS UMUEZE ANAM,Secondary,,,
2,251,CSS IFITE ANAM MMIATA,Secondary,,,
2,252,AHS OROMA ETITI,Secondary,,,
2,253,CKC UMUEM,Secondary,,,
2,254,UCSS INOMA AKATOR,Secondary,,,
2,255,CCSS NZAM,Secondary,,,
2,256,CSS IGBEDOR,Secondary,,,
2,257,CSS OWELLE,Secondary,,,
6,258,OGBE HIGH SCHOOL ANAKU,Secondary,,,
6,259,AMIKWE CSS OMOR,Secondary,,,
6,260,CSS OMOR,Secondary,,,
6,261,CSS IGBAKWU,Secondary,,,
6,262,CSS IFITE OGWARI,Secondary,,,
6,263,CSS UMUMBO,Secondary,,,
6,264,RSS UMERUM,Secondary,,,
6,265,USS OMASI,Secondary,,,
6,266,CSS UMUEJE,Secondary,,,