lga_id,school_id,school_name,school_type,category,lat,long
13,1,AGUATA HIGH SCH.AGUATA,PUBLIC,Secondary,,
13,2,CHRIST THE REDEEMER COLLEGE  AMESI,PUBLIC,Secondary,,
13,3,COMM SEC. SCH. (BSS) EZINIFITE,PUBLIC,Secondary,,
13,4,COMM SEC. SCH. (BSS) IGBOUKWU,PUBLIC,Secondary,,
13,5,COMM SEC. SCH. AGULUEZECHUKWU,PUBLIC,Secondary,,
13,6,COMM SEC. SCH. AKPO,PUBLIC,Secondary,,
13,7,COMM SEC. SCH. ORAERI,PUBLIC,Secondary,,
13,8,COMM SEC.SCH. UMUCHU,PUBLIC,Secondary,,
13,9,COMM. SEC. SCH. ACHINA,PUBLIC,Secondary,,
13,10,COMM. SEC. SCH. NKPOLOGWU,PUBLIC,Secondary,,
13,11,COMM. SEC. SCH. UGA,PUBLIC,Secondary,,
13,12,COMM.SEC. SCH. ISUOFIA,PUBLIC,Secondary,,
13,13,EZINIFITE HIGH SCHOOL EZINIFITE,PUBLIC,Secondary,,
13,14,GIRLS' .SEC. SCH. IGBOUKWU,PUBLIC,Secondary,,
13,15,GIRLS' HIGH SCHOOL UGA,PUBLIC,Secondary,,
13,16,GOVT. TECH. COLL. UMUCHU,PUBLIC,Secondary,,
13,17,PIONEER SEC. SCH. (GSS) UMUCHU,PUBLIC,Secondary,,
13,18,ST. PETER'S SEC. SCH. ACHINA,PUBLIC,Secondary,,
13,19,UGA BOYS' SEC. SCH UGA,PUBLIC,Secondary,,
13,20,UMUCHU HIGH. SCH. UMUCHU,PUBLIC,Secondary,,
13,21,URBAN GIRLS'.SEC.SCH. EKWULOBIA,PUBLIC,Secondary,,
13,22,NEW GENERATION SECONDARY SCHOOL,PRIVATE,Secondary,,
13,23,ALL SAINTS SEMINARY SCHOOL,PRIVATE,Secondary,,
13,24,ALPHA COMPREHENSIVE SECONDARY SCHOOL,PRIVATE,Secondary,,
13,25,CHRIST THE KING SECONDARY SCHOOL,PRIVATE,Secondary,,
13,26,COMPREHENSIVE SECONDARY SCHOOL,PRIVATE,Secondary,,
13,27,CONCEPTS SECONDARY SCHOOL,PRIVATE,Secondary,,
13,28,DE-LIGHT INT’L SECONDARY SCHOOL,PRIVATE,Secondary,,
13,29,EXCELLENT PONDGE INT'L SECONDARY SCHOOL,PRIVATE,Secondary,,
13,30,FIRST HILL SECONDARY SCHOOL,PRIVATE,Secondary,,
13,31,FUTURE HOPE SECONDARY SCHOOL,PRIVATE,Secondary,,
13,32,GOD’S OWN SECONDARY SCHOOL,PRIVATE,Secondary,,
13,33,GOODNESS COMPREHENSIVE SECONDARY  SCHOOL,PRIVATE,Secondary,,
13,34,HOLY CHILD SECONDARY SCHOOL,PRIVATE,Secondary,,
13,35,HOLY FAMILY SECONDARY SCHOOL,PRIVATE,Secondary,,
13,36,HOLY NAME SECONDARY SCHOOL,PRIVATE,Secondary,,
13,37,IMMACULATE HEART SECONDARY SCHOOL,PRIVATE,Secondary,,
13,38,IMMUNUAL MODEL SECONDARY SCHOOL,PRIVATE,Secondary,,
13,39,KONIGIN DES FRIENDINS COLLEGE,PRIVATE,Secondary,,
13,40,LORD'S LIVINGSTONE MODEL SECONDARY SCHOOL,PRIVATE,Secondary,,
13,41,MADONNA SECONDARY SCHOOL,PRIVATE,Secondary,,
13,42,MADUKA MEMORIAL COLLEGE,PRIVATE,Secondary,,
13,43,MODEL COMPREHENSIVE SECONDARY SCHOOL,PRIVATE,Secondary,,
13,44,MOTHER OF CHRIST SECONDARY SCHOOL,PRIVATE,Secondary,,
13,45,NEW ERA COMPREHENSIVE SECONDARY SCHOOL,PRIVATE,Secondary,,
13,46,OUR LADY’S COMPREHENSIVE COLLEGE,PRIVATE,Secondary,,
13,47,PREMIER COMPREHENSIVE SECONDARY  SCHOOL,PRIVATE,Secondary,,
13,48,ROYAL BRAINS SECONDARY SCHOOL,PRIVATE,Secondary,,
13,49,ST. ANTHONY'S SECONDARY SCHOOL,PRIVATE,Secondary,,
13,50,ST. AUGUSTINE MODEL SECONDARY SCHOOL,PRIVATE,Secondary,,
13,51,ST. FRANCIS SECONDARY SCHOOL,PRIVATE,Secondary,,
13,52,ST. PAUL’S ACADEMY,PRIVATE,Secondary,,
13,53,STANDARD INSTITUTE OF SECRETARIAL STUDIES,PRIVATE,Secondary,,
13,54,UNIQUE SECONDARY SCHOOL,PRIVATE,Secondary,,
13,55,UNITY COMPREHENSIVE SECONDARY,PRIVATE,Secondary,,
13,56,URBAN COMPREHENSIVE SCHOOL,PRIVATE,Secondary,,
18,57,CHS  NSUGBE,PUBLIC,Secondary,,
18,58,CHS IGBARIAM,PUBLIC,Secondary,,
18,59,CMASS ENUGU-OTU,PUBLIC,Secondary,,
18,60,CSS IFITE UMUERI,PUBLIC,Secondary,,
18,61,CSS NANDO,PUBLIC,Secondary,,
18,62,CSS UMUOBA ANAM,PUBLIC,Secondary,,
18,63,FR. JMHS AGULERI,PUBLIC,Secondary,,
18,64,GTC UMUERI,PUBLIC,Secondary,,
18,65,JCMSS AGULERI,PUBLIC,Secondary,,
18,66,SMC UMUERI,PUBLIC,Secondary,,
18,67,WOSS ENUGWU AGULERI,PUBLIC,Secondary,,
18,68,ARCH BISHOP PATTERSON SEMINARY SCHOOL,PRIVATE,Secondary,,
18,69,BISHOP ANTHONY NKWOKA GRAMMAR SCHOOL,PRIVATE,Secondary,,
18,70,CHUKWUNONYE SECONDARY SCHOOL,PRIVATE,Secondary,,
18,71,DEGREAT MODEL SECONDARY SCHOOL,PRIVATE,Secondary,,
18,72,DESTINY SECONDARY SCHOOL,PRIVATE,Secondary,,
18,73,DIVINE MERCY SECONDARY SCHOOL,PRIVATE,Secondary,,
18,74,ENCRISTO COMPREHENSIVE SECONDARY SCHOOL,PRIVATE,Secondary,,
18,75,FR. TANSI SECONDARY SCHOOL,PRIVATE,Secondary,,
18,76,FRANKLIN INT'L SECONDRY SCHOOL,PRIVATE,Secondary,,
18,77,GEORGE NWALUE COMPREHENSIVE SCHOOL,PRIVATE,Secondary,,
18,78,HOLY ROSARY GIRLS COLLEGE,PRIVATE,Secondary,,
18,79,IMMANUEL INT’L SECONDARY SCHOOL,PRIVATE,Secondary,,
18,80,INTERNATIONAL MODEL COMPREHENSIVE SECONDAR SCHOOL,PRIVATE,Secondary,,
18,81,IWENE TANSI SECONDARY SCHOOL,PRIVATE,Secondary,,
18,82,MADONNA SECONDARY SCHOOL,PRIVATE,Secondary,,
18,83,MATER DEI SECONDARY SCHOOL,PRIVATE,Secondary,,
18,84,MATER DEI SECONDARY SCHOOL,PRIVATE,Secondary,,
18,85,MATER DEI SECONDARY SCHOOL,PRIVATE,Secondary,,
18,86,MATER MISERICODA SECONDARY SCHOOL,PRIVATE,Secondary,,
18,87,MATER MISERICODA SECONDARY SCHOOL,PRIVATE,Secondary,,
18,88,MICHEAL TANSI SECONDARY SCHOOL,PRIVATE,Secondary,,
18,89,NWAFOR ORIZU DEMONSTRATION SECONDARY SCHOOL,PRIVATE,Secondary,,
18,90,POPE JOHN PAUL SECONDARY SCHOOL,PRIVATE,Secondary,,
18,91,PRIME FOUNDATION SECONDARY SCHOOL,PRIVATE,Secondary,,
18,92,SMART STARS INT'L SECONDARY SCHOOL,PRIVATE,Secondary,,
18,93,ST JOHN VIANNEY SCIENCE COLLEGE,PRIVATE,Secondary,,
18,94,ST. JOSEPH MEMORIAL HIGH SCHOOL,PRIVATE,Secondary,,
18,95,SUCCESS INT’L SECONDARY SCHOOL,PRIVATE,Secondary,,
18,96,UNIVERSAL SECONDARY SCHOOL,PRIVATE,Secondary,,
18,97,VIRGIN MARY CONVENT,PRIVATE,Secondary,,
18,98,WISDOM CHRISTIAN SECONDARY SCHOOL,PRIVATE,Secondary,,
18,99,ZION MISSION SECONDARY SCHOOL,PRIVATE,Secondary,,
2,100,AHS OROMA ETITI,PUBLIC,Secondary,,
2,101,CCSS NZAM,PUBLIC,Secondary,,
2,102,CKC UMUEM,PUBLIC,Secondary,,
2,103,CSS IFITE ANAM MMIATA,PUBLIC,Secondary,,
2,104,CSS IGBEDOR,PUBLIC,Secondary,,
2,105,CSS OWELLE,PUBLIC,Secondary,,
2,106,CSS UMUEZE ANAM,PUBLIC,Secondary,,
2,107,UCSS INOMA AKATOR,PUBLIC,Secondary,,
2,108,CHRIST THE KING COLLEGE,PRIVATE,Secondary,,
2,109,CROWTHER MEMORIAL COLLEGE,PRIVATE,Secondary,,
2,110,FR. AMADI MEM. COLLEGE,PRIVATE,Secondary,,
2,111,FR. OHAI MEMORIAL MODEL SECONDARY SCHOOL,PRIVATE,Secondary,,
2,112,GREAT SAILOR INT’L SECONDARY SCHOOL,PRIVATE,Secondary,,
2,113,MADONNA SECONDARY SCHOOL,PRIVATE,Secondary,,
2,114,OUR LADY OF LOURDES COLLEGE,PRIVATE,Secondary,,
9,115,AGULU GRAM. SCH. AGULU,PUBLIC,Secondary,,
9,116,BUBENDORFF M.G.S. ADAZI-NNUKWU,PUBLIC,Secondary,,
9,117,COMM HIGH SCH. AKWAEZE,PUBLIC,Secondary,,
9,118,COMM. HIGH SCH. ADAZI,PUBLIC,Secondary,,
9,119,COMM. HIGH SCH. AGULUZIGBO,PUBLIC,Secondary,,
9,120,COMM. SEC. SCH. ADAZI-NNUKWU,PUBLIC,Secondary,,
9,121,COMM. SEC. SCH. AGULU,PUBLIC,Secondary,,
9,122,COMM. SEC. SCH. ICHIDA,PUBLIC,Secondary,,
9,123,COMM. SEC. SCH. OBELEDU,PUBLIC,Secondary,,
9,124,FLORA A.M.C SEC.SCH. NENI,PUBLIC,Secondary,,
9,125,LAKE-CITY SEC. SCH. NRI,PUBLIC,Secondary,,
9,126,LORETTO SPE. SEC. SCH. ADAZI NNUKWU,PUBLIC,Secondary,,
9,127,OJIAKO MEM0 GRAM SCH. ADAZI-ANI,PUBLIC,Secondary,,
9,128,REGAL SEC. SCH. NRI,PUBLIC,Secondary,,
9,129,ROSA MYSTICA HIGH SCHOOL AGULU,PUBLIC,Secondary,,
9,130,UNION SEC. SCH. AGULU,PUBLIC,Secondary,,
9,131,ALPHA STAR SECONDARY SCHOOL,PRIVATE,Secondary,,
9,132,CAPITOL SECONDARY SCHOOL,PRIVATE,Secondary,,
9,133,CHUKWUDOZIE COMMERCIAL INSTITUTE,PRIVATE,Secondary,,
9,134,HOLY QUEEN SECONDARY SCHOOL,PRIVATE,Secondary,,
9,135,MATECO COLLEGE,PRIVATE,Secondary,,
9,136,PIONEER PRECIOUS AND PECULIAR INT'L SECONDARY SCHOOL,PRIVATE,Secondary,,
9,137,ST. ALBART THE GREAT SECONDART SCHOOL,PRIVATE,Secondary,,
9,138,ST. ANTHONYS’CATHOLIC COMPREHENSIVE INSTITUTE,PRIVATE,Secondary,,
9,139,ST. AUGUSTINE SECONDARY SCHOOL,PRIVATE,Secondary,,
9,140,ST. JOHN’S VOCATIONAL INSTITUTE,PRIVATE,Secondary,,
15,141,COMM. SEC. SCH. ACHALLA,PUBLIC,Secondary,,
15,142,COMM. SEC. SCH. AMANSEA,PUBLIC,Secondary,,
15,143,COMM. SEC. SCH. AMANUKE,PUBLIC,Secondary,,
15,144,COMM. SEC. SCH. AWBA OFEMILI,PUBLIC,Secondary,,
15,145,COMM. SEC. SCH. EBENEBE,PUBLIC,Secondary,,
15,146,COMM. SEC. SCH. ISUANIOCHA,PUBLIC,Secondary,,
15,147,COMM. SEC. SCH. MGBAKWU,PUBLIC,Secondary,,
15,148,COMM. SEC. SCH. URUM,PUBLIC,Secondary,,
15,149,FLORA A.M.C SEC.SCH. NENI,PUBLIC,Secondary,,
15,150,ANEROBI INT’L SECONDARY SCHOOL,PRIVATE,Secondary,,
15,151,CHRIST THE KING COLLEGE,PRIVATE,Secondary,,
15,152,FAVOUR OF GRACE INT’L SECONDARY SCHOOL,PRIVATE,Secondary,,
15,153,GLOBEX SPRING INT'L HIGH SCHOOL,PRIVATE,Secondary,,
15,154,HANDMAIDS GIRLS SECONDARY SCHOOL,PRIVATE,Secondary,,
15,155,HOLY SPIRIT SECONDARY SCHOOL,PRIVATE,Secondary,,
15,156,NWOKIKE MEMORIAL SCHOOL OF EXCELLENCE,PRIVATE,Secondary,,
15,157,PETRAM CHRISTUM SECONDARY SCHOOL,PRIVATE,Secondary,,
15,158,ROYAL OF COMMERCE COLLEGE,PRIVATE,Secondary,,
15,159,SEAT OF WISDOM SECONDARY SCHOOL,PRIVATE,Secondary,,
15,160,ST JOHN BOSCO SEMINARY SCHOOL,PRIVATE,Secondary,,
15,161,ST. JOHN BOSCO SEMINARY,PRIVATE,Secondary,,
15,162,TRUE COVENANT OF GOD SECONDARY SCHOOL,PRIVATE,Secondary,,
20,163,CAPITAL CITY SEC. SCH. AWKA,PUBLIC,Secondary,,
20,164,COMM. SEC. SCH. AGULU AWKA,PUBLIC,Secondary,,
20,165,COMM. SEC. SCH. AMAWBIA,PUBLIC,Secondary,,
20,166,COMM. SEC. SCH. ISIAGU,PUBLIC,Secondary,,
20,167,COMM. SEC. SCH. MBAUKWU,PUBLIC,Secondary,,
20,168,COMM. SEC. SCH. OKPUNO,PUBLIC,Secondary,,
20,169,COMM. SEC. SCH UMUOKPU,PUBLIC,Secondary,,
20,170,EMEKA AGHASILI HIGH SCH. NISE,PUBLIC,Secondary,,
20,171,EZEIKE HIGH SCH. NIBO,PUBLIC,Secondary,,
20,172,EZI-AWKA COMM. SEC. SCH. AWKA,PUBLIC,Secondary,,
20,173,GIRLS' SEC. SCH. AWKA,PUBLIC,Secondary,,
20,174,HOLY CROSS HIGH SCH. UMUAWULU/MBAUKWU,PUBLIC,Secondary,,
20,175,IGWEBUIKE GRAMMER SCH. AWKA,PUBLIC,Secondary,,
20,176,KENNETH DIKE MEM. SEC. SCH. AWKA,PUBLIC,Secondary,,
20,177,NNEOMA COMM. SEC. SCH. NIBO,PUBLIC,Secondary,,
20,178,ST. JOHN SEC. SCH. AWKA,PUBLIC,Secondary,,
20,179,"STATE MODEL JUNIOR SEC. SCH., IYIAGU II AWKA",PUBLIC,Secondary,,
20,180,UNION SEC. SCH. AMAWBIA,PUBLIC,Secondary,,
20,181,UNION SEC. SCH. UMUAWULU,PUBLIC,Secondary,,
20,182,ALL SAINTS SECONDARY SCHOOL,PRIVATE,Secondary,,
20,183,BISHOP CROWTHER JUNIOR SEMINARY,PRIVATE,Secondary,,
20,184,BLOSSOM FOUNT COLLEGE,PRIVATE,Secondary,,
20,185,BRIGHT STAR SECONDARY SCHOOL,PRIVATE,Secondary,,
20,186,BRIGHTER HIGHT SECONDARY SCHOOL,PRIVATE,Secondary,,
20,187,BRITISH SPRING COLLEGE,PRIVATE,Secondary,,
20,188,CANDY INT'L COLLEGE,PRIVATE,Secondary,,
20,189,CITADEL MODEL COLLEGE,PRIVATE,Secondary,,
20,190,CLIMAX VOCATIONAL INSTITUTE,PRIVATE,Secondary,,
20,191,DESTINY COMPREHENSIVE SECONDARY SCHOOL,PRIVATE,Secondary,,
20,192,DIFFERENTIAL COLLEGE,PRIVATE,Secondary,,
20,193,DIVINE MODEL SECONDARY SCHOOL,PRIVATE,Secondary,,
20,194,DIVINE VOCATIONAL INSTITUTE,PRIVATE,Secondary,,
20,195,EAGLE POEWR OF EXCELLENCE SECONDARY SCHOOL,PRIVATE,Secondary,,
20,196,ENZY ROYAL COLLEGE,PRIVATE,Secondary,,
20,197,FIDELIS NWABUEZE INT’L HIGH SCHOOL,PRIVATE,Secondary,,
20,198,FIRM FOUNDATION SECONDARY SCHOOL,PRIVATE,Secondary,,
20,199,FLORA FIELD COLLEGE,PRIVATE,Secondary,,
20,200,GIFT OF GOD INT'L SECONDARY SCHOOL,PRIVATE,Secondary,,
20,201,GOLDEN CROWN SECONDARY SCHOOL,PRIVATE,Secondary,,
20,202,GRAN HERMANO ACADEMY SECONDARY SCHOOL,PRIVATE,Secondary,,
20,203,GREAT GOD'S FUTURE SECONDARY SCHOOL,PRIVATE,Secondary,,
20,204,HEZ DIKE SECONDARY SCHOOL,PRIVATE,Secondary,,
20,205,HIS PROMISE SCHOOL OF VOCATIONAL STUDIES,PRIVATE,Secondary,,
20,206,HOLY GHOST ACADEMY SECONDARY SCHOOL,PRIVATE,Secondary,,
20,207,IDAL COLLEGE,PRIVATE,Secondary,,
20,208,JOSE MARIA SECONDARY SCHOOL,PRIVATE,Secondary,,
20,209,JUPAVI INT'L SECONDARY SCHOOL,PRIVATE,Secondary,,
20,210,KABE COLLEGE,PRIVATE,Secondary,,
20,211,KAUROS INT'L SECONDARY SCHOOL,PRIVATE,Secondary,,
20,212,KINGDOM HERITAGE MODEL SCHOOL,PRIVATE,Secondary,,
20,213,KINGDOM HERITAGE MODEL SCHOOL,PRIVATE,Secondary,,
20,214,KINGS AND QUEENS COMPREHENSIVE SECONDARY SCHOOL,PRIVATE,Secondary,,
20,215,KINGS AND QUEENS SECONDARY SCHOOL,PRIVATE,Secondary,,
20,216,KINGS INT'L COLLEGE,PRIVATE,Secondary,,
20,217,KROSA SECONDARY SCHOOL,PRIVATE,Secondary,,
20,218,LAND OF GOSHEN INT'L SECONDARY SCHOOL,PRIVATE,Secondary,,
20,219,MARY SUMNER VOCATIONAL INSTITUTE,PRIVATE,Secondary,,
20,220,MARY SUMNER VOCATIONAL INSTITUTION,PRIVATE,Secondary,,
20,221,MASTER'S SECONDARY SCHOOL,PRIVATE,Secondary,,
20,222,MODEL COMP. SECONDARY SCHOOL,PRIVATE,Secondary,,
20,223,NATIONAL COMPREHENSIVE SECONDARY SCHOOL,PRIVATE,Secondary,,
20,224,NETHERLANDS INT’L SECONDARY SCHOOL,PRIVATE,Secondary,,
20,225,NNAMDI AZIKIWE UNIVERSITY HIGH SCHOOL,PRIVATE,Secondary,,
20,226,NWAFOR ORIZU COLLEGE,PRIVATE,Secondary,,
20,227,NWANNO NWIMOH MEMORIAL SECONDARY SCHOOL,PRIVATE,Secondary,,
20,228,PHRANKSTAR HIGH SCHOOL,PRIVATE,Secondary,,
20,229,POTTERS INT'L COLLEGE,PRIVATE,Secondary,,
20,230,REDEEMERS INT’L HIGH SCHOOL,PRIVATE,Secondary,,
20,231,REV FR. AARON EKWU MEMORIAL SECONDARY SCHOOL,PRIVATE,Secondary,,
20,232,ROSARY COLLEGE,PRIVATE,Secondary,,
20,233,ROYAL SAINTS INT’L SECONDARY SCHOOL,PRIVATE,Secondary,,
20,234,SPECIAL SCIENCE SCHOOL,PRIVATE,Secondary,,
20,235,ST LAWRENCE SPLENDID COMP. SECONDARY SCHOOL,PRIVATE,Secondary,,
20,236,ST MARY'S COLLEGE,PRIVATE,Secondary,,
20,237,ST MARY'S SECONDARY SCHOOL,PRIVATE,Secondary,,
20,238,ST PATRIC'S COLLEGE,PRIVATE,Secondary,,
20,239,ST STEPHEN SECONDARY SCHOOL,PRIVATE,Secondary,,
20,240,ST. AUGUSTINE’S SPECIAL COMPREHENSIVE SECONDARY SCHOOL,PRIVATE,Secondary,,
20,241,ST. JOSEPH'S MODEL SECONDARY SCHOOL,PRIVATE,Secondary,,
20,242,ST. LUCY SECONDARY SCHOOL,PRIVATE,Secondary,,
20,243,ST. PAUL UNIVERSITY SECONDARY SCHOOL,PRIVATE,Secondary,,
20,244,ST. PETER'S COLLEGE,PRIVATE,Secondary,,
20,245,TANSI INT'L SECONDARY SCHOOL,PRIVATE,Secondary,,
20,246,UBAKA COMPREHENSIVE SECONDARY SCHOOL,PRIVATE,Secondary,,
20,247,UNION SECONDARY SCHOOL,PRIVATE,Secondary,,
20,248,UNIQUE COMPREHESIVE SECONDARY SCHOOL,PRIVATE,Secondary,,
20,249,VINE CREST SECONDARY SCHOOL,PRIVATE,Secondary,,
6,250,AMIKWE CSS OMOR,PUBLIC,Secondary,,
6,251,CSS IFITE OGWARI,PUBLIC,Secondary,,
6,252,CSS IGBAKWU,PUBLIC,Secondary,,
6,253,CSS OMOR,PUBLIC,Secondary,,
6,254,CSS UMUEJE,PUBLIC,Secondary,,
6,255,CSS UMUMBO,PUBLIC,Secondary,,
6,256,OGBE HIGH SCHOOL ANAKU,PUBLIC,Secondary,,
6,257,RSS UMERUM,PUBLIC,Secondary,,
6,258,USS OMASI,PUBLIC,Secondary,,
6,259,BRAWN FIELD SECONDARY SCHOOL,PRIVATE,Secondary,,
6,260,FR. JOSEPH INT'L SECONDARY SCHOOL,PRIVATE,Secondary,,
6,261,JOHN ODENIGBO MEMORIAL SECONDARY SCHOOL,PRIVATE,Secondary,,
6,262,MARY KNOLL INT’L SECONDARY SCHOOL,PRIVATE,Secondary,,
6,263,MATER DEI SECONDARY SCHOOL,PRIVATE,Secondary,,
6,264,MATER-CHRISTI SECONDARY SCHOOL,PRIVATE,Secondary,,
6,265,MODEL SECONDARY SCHOOL,PRIVATE,Secondary,,
6,266,REGINA CAELI SECONDARY SCHOOL,PRIVATE,Secondary,,
6,267,SACRED HEART OF JESUS SECONDARY SCHOOL,PRIVATE,Secondary,,
6,268,ST. JOSEPH INT’L SECONDARY SCHOOL,PRIVATE,Secondary,,
6,269,ST. SIMON FAITH INT’L SECONDARY SCHOOL,PRIVATE,Secondary,,
12,270,COMM SEC. SCH. UMUNNACHI,PUBLIC,Secondary,,
12,271,COMM. HIGH SCH. NAWGU,PUBLIC,Secondary,,
12,272,COMM. SEC. SCH. UKPO,PUBLIC,Secondary,,
12,273,COMM. SEC. SCH. UKWULU,PUBLIC,Secondary,,
12,274,NNEAMAKA SEC. SCH. IFITEDUNU,PUBLIC,Secondary,,
12,275,ST. KIZITO GIRLS' SEC. SCH. UMUDIOKA,PUBLIC,Secondary,,
12,276,ST. MARY'S HIGH SCH. IFITEDUNU,PUBLIC,Secondary,,
12,277,WALTER EZE MEMO SEC. SCH. UKPO,PUBLIC,Secondary,,
12,278,ARCH ANGEL GABRIEL SECONDARY SCHOOL,PRIVATE,Secondary,,
12,279,EDWIN SPRING COLLEGE,PRIVATE,Secondary,,
12,280,MADONNA INT'L GIRLS SECONDARY SCHOOL,PRIVATE,Secondary,,
12,281,PETER MARIST COLLEGE,PRIVATE,Secondary,,
12,282,SHALOM ROYAL SECONDARY SCHOOL,PRIVATE,Secondary,,
12,283,ST MARY'S MODEL COMPREHENSIVE SECONDARY SCHOOL,PRIVATE,Secondary,,
12,284,ST. ANTHONY’S COMPREHENSIVE SECONDARY SCHOOL,PRIVATE,Secondary,,
12,285,ST. AUGUSTINE COMPREHENSIVE SECONDARY SCHOOL,PRIVATE,Secondary,,
17,286,"BOYS' SEC. SCHOOL, ORAIFITE",PUBLIC,Secondary,,
17,287,"CATH. GIRLS' SEC. SCHOOL, OZUBULU",PUBLIC,Secondary,,
17,288,"COMMUNITY (GIRLS') SEC. SCHOOL, ORAIFITE",PUBLIC,Secondary,,
17,289,"GOVT. TECHNICAL COLLEGE, ICHI",PUBLIC,Secondary,,
17,290,"COMMUNITY SEC. SCHOOL, IHEMBOSI",PUBLIC,Secondary,,
17,291,"COMMUNITY SEC. SCHOOL, OZUBULU",PUBLIC,Secondary,,
17,292,"UNION SEC. SCHOOL, ICHI",PUBLIC,Secondary,,
17,293,"ZIXTON SEC. SCHOOL, OZUBULU",PUBLIC,Secondary,,
17,294,ALL SAINTS SECONDARY SCHOOL,PRIVATE,Secondary,,
17,295,ARCHDEACON NWOSU MEMORIAL SECONDARY SCHOOL,PRIVATE,Secondary,,
17,296,CAROL STANDARD CONVENT,PRIVATE,Secondary,,
17,297,CITY HIGH SCHOOL,PRIVATE,Secondary,,
17,298,COMPREHENSIVE SECONDARY SCHOOL,PRIVATE,Secondary,,
17,299,DE PAUL SECONDARY SCHOOL AND DEAF UNIT,PRIVATE,Secondary,,
17,300,DIVINE GIFT MODEL SECONDARY SCHOOL,PRIVATE,Secondary,,
17,301,DIVINE GIFT SECONDARY SCHOOL,PRIVATE,Secondary,,
17,302,GODS GRACE SECONDARY SCHOOL,PRIVATE,Secondary,,
17,303,MATER DEI SECONDARY SCHOOL,PRIVATE,Secondary,,
17,304,MOUNT OLIVES ACADEMY,PRIVATE,Secondary,,
17,305,NEW BETHEL COMPREHENSIVE SECONDARY SCHOOL,PRIVATE,Secondary,,
17,306,OBIEME MEMORIAL SECONDARY SCHOOL,PRIVATE,Secondary,,
17,307,OMEKANNAYA MODEL SECONDARY SCHOOL,PRIVATE,Secondary,,
17,308,RECDOT VOCATIONAL SECONDARY SCHOOL,PRIVATE,Secondary,,
17,309,SACRED HEART COLLEGE,PRIVATE,Secondary,,
17,310,SANTA MARIA SECONDARY SCHOOL,PRIVATE,Secondary,,
17,311,SEAT OF WISDOM COMPREHENSIVE SECONDARY SCHOOL,PRIVATE,Secondary,,
17,312,ST MICHAEL UNITY SECONDARY SCHOOL,PRIVATE,Secondary,,
17,313,ST.  J.L.G MONTESSORI METHOD SECONDARY SCHOOL,PRIVATE,Secondary,,
17,314,ST. JUDE’S COMPREHENSIVE SECONDARY SCHOOL,PRIVATE,Secondary,,
17,315,ST. MICHAELS’ BOYS SECONDARY SCHOOL,PRIVATE,Secondary,,
17,316,ST. PATRICKS INT’L SECONDARY  SCHOOL,PRIVATE,Secondary,,
17,317,STANDARD SECONDARY SCHOOL,PRIVATE,Secondary,,
17,318,VARSITY COMPREHENSIVE SECONDARY SCHOOL,PRIVATE,Secondary,,
17,319,VISION INT’L SECONDARY SCHOOL,PRIVATE,Secondary,,
17,320,WARNOR'S INT'L SECONDARY SCHOOL,PRIVATE,Secondary,,
17,321,WISDOM INTERNATIONAL SECONDARY SCHOOL,PRIVATE,Secondary,,
17,322,ZXITON SECONDARY SCHOOL,PRIVATE,Secondary,,
8,323,ABANNA GIRLS SEC. SCH. ABATETE,PUBLIC,Secondary,,
8,324,ARCHB. HEEREY TECH. COL.  OGIDI,PUBLIC,Secondary,,
8,325,AWADA SEC. SCH. AWADA,PUBLIC,Secondary,,
8,326,COMM. SEC. SCH. EZIOWELLE,PUBLIC,Secondary,,
8,327,COMM. SEC. SCH. IDEANI,PUBLIC,Secondary,,
8,328,COMM. SEC. SCH. OBOSI,PUBLIC,Secondary,,
8,329,COMM. SEC. SCH. ORAUKWU,PUBLIC,Secondary,,
8,330,COMM. SEC. SCH. UKE,PUBLIC,Secondary,,
8,331,COMM. SEC. SCH. UMUOJI,PUBLIC,Secondary,,
8,332,GIRLS' SEC. SCH. OGIDI (A.G.S.S. OGIDI),PUBLIC,Secondary,,
8,333,GOVT. TECHNICAL COLLEGE NKPOR,PUBLIC,Secondary,,
8,334,MATER AMABILIS SEC. SCH. UMUOJI,PUBLIC,Secondary,,
8,335,NOTRE DAME HIGH SCHOOL ABATETE,PUBLIC,Secondary,,
8,336,ORAUKWU GRAMMAR SCH. ORAUKWU,PUBLIC,Secondary,,
8,337,UNION SEC. SCH. OBOSI (G.S.S. OBOSI),PUBLIC,Secondary,,
8,338,URBAN SEC. SCH. NKPOR,PUBLIC,Secondary,,
8,339,ALL SAINTS INTERNATIONAL SECONDARY SCHOOL,PRIVATE,Secondary,,
8,340,AMBASSATOR GREAT TALENT INY'L SECONDARY SCHOOL,PRIVATE,Secondary,,
8,341,ASCENSION MODEL SECONDARY SCHOOL,PRIVATE,Secondary,,
8,342,ASSUMPTION HIGH SCHOOL,PRIVATE,Secondary,,
8,343,BEST GATE HERITAGE SECONDARY SCHOOL,PRIVATE,Secondary,,
8,344,BLISS FAMILY SECONDARY SCHOOL,PRIVATE,Secondary,,
8,345,BLUE SKY SECONDARY SCHOOL,PRIVATE,Secondary,,
8,346,BRIGHT FUTURE SECONDARY SCHOOL,PRIVATE,Secondary,,
8,347,BUSY BRAIN SECONDARY SCHOOL,PRIVATE,Secondary,,
8,348,CALVARY HEIRS MODEL SECONDARY SCHOOL,PRIVATE,Secondary,,
8,349,CALVARY INT’L SECONDARY SCHOOL,PRIVATE,Secondary,,
8,350,CAMPUS SECONDARY SCHOOL,PRIVATE,Secondary,,
8,351,CATALYST COLLEGE,PRIVATE,Secondary,,
8,352,CHARISMARY SECONDARY SCHOOL,PRIVATE,Secondary,,
8,353,CHOICE DE IMMACULATE DEMONSTRATION SECONDARY SCHOOL,PRIVATE,Secondary,,
8,354,CHOSEN KIDS FOUNDATION COLLEGE,PRIVATE,Secondary,,
8,355,CHRIST FOUNDATION SECONDARY SCHOOL,PRIVATE,Secondary,,
8,356,CHRIST THE KING SECONDARY SCHOOL,PRIVATE,Secondary,,
8,357,CHRIST THE SAVIOUR SECONDARY SCHOOL,PRIVATE,Secondary,,
8,358,CITY SECONDARY SCHOOL,PRIVATE,Secondary,,
8,359,CITY SECONDARY SCHOOL,PRIVATE,Secondary,,
8,360,CITY SECONDARY SCHOOL,PRIVATE,Secondary,,
8,361,CLIMAX INT’L SECONDARY SCHOOL,PRIVATE,Secondary,,
8,362,COR MARIAE GIRLS SECONDARY SCHOOL,PRIVATE,Secondary,,
8,363,CRUX-SANTA SECONDARY SCHOOL,PRIVATE,Secondary,,
8,364,DAY STAR SECONDARY SCHOOL,PRIVATE,Secondary,,
8,365,DELIGHT SECONDARY SCHOOL,PRIVATE,Secondary,,
8,366,DESTINY CHILD INT'L SECONDARY SCHOOL,PRIVATE,Secondary,,
8,367,DEVANS COMPREHENSIVE SECONDARY SCHOOL,PRIVATE,Secondary,,
8,368,DIVINE CONCEPT GLOBAL SECONDARY SCHOOL,PRIVATE,Secondary,,
8,369,DIVINE KNOWLEDGE SECONDARY SCHOOL,PRIVATE,Secondary,,
8,370,DIVINE MERCY FOUNDATION SECONDARY SCHOOL,PRIVATE,Secondary,,
8,371,DIVINE RAYS BRITISH  SECONDARY SCHOOL,PRIVATE,Secondary,,
8,372,DIVINE ROYAL SECONDARY SCHOOL,PRIVATE,Secondary,,
8,373,DOMINICAN SISTERS COLLEGE,PRIVATE,Secondary,,
8,374,DOMINION COMPREHENSIVE SECONDARY SCHOOL,PRIVATE,Secondary,,
8,375,DON BOSCO SECONDARY SCHOOL,PRIVATE,Secondary,,
8,376,EBELECHUKWU INT'L SECONDARY SCHOOL,PRIVATE,Secondary,,
8,377,ECO-FOUNDATION INT’L SEC SCHOOL,PRIVATE,Secondary,,
8,378,EKWUNO COMPREHENSIVE SECONDARY SCHOOL,PRIVATE,Secondary,,
8,379,EVER GREEN HIGH SCHOOL,PRIVATE,Secondary,,
8,380,GENIUS INT’L SECONDARY SCHOOL,PRIVATE,Secondary,,
8,381,GIANT STEP INT’L SEC SCHOOL,PRIVATE,Secondary,,
8,382,GLORIA TIBI DOMINE HIGH SCHOOL,PRIVATE,Secondary,,
8,383,GLORY INT'L SECONDARY SCHOOL,PRIVATE,Secondary,,
8,384,GOD'S FAMILY SECONDARY SCHOOL,PRIVATE,Secondary,,
8,385,GOD'S FAVOUR SECONDARY SCHOOL,PRIVATE,Secondary,,
8,386,GOD'S PROMISE INT'L SECONDARY SCHOOL,PRIVATE,Secondary,,
8,387,GOD’S FAVOUR STAND SECONDARY SCHOOL,PRIVATE,Secondary,,
8,388,GOLDEN CONCEPT FOUND SEC SCHOOL,PRIVATE,Secondary,,
8,389,GOOD NEWS SPECIAL COLLEGE,PRIVATE,Secondary,,
8,390,GREGONIAN COLLEGE,PRIVATE,Secondary,,
8,391,GRUNDTVIG INT’L SECONDARY SCHOOL,PRIVATE,Secondary,,
8,392,GURUS AND GENIUS SECONDARY SCHOOL,PRIVATE,Secondary,,
8,393,HOLY CHILD MADONNA COLLEGE,PRIVATE,Secondary,,
8,394,HOLY FAMILY HIGH SCHOOL,PRIVATE,Secondary,,
8,395,HOLY FAMILY INT'L SECONDARY SCHOOL,PRIVATE,Secondary,,
8,396,HOLY INNOCENT JUNIORATE CONVENT,PRIVATE,Secondary,,
8,397,HOLY ROSARY SECONDARY SCHOOL,PRIVATE,Secondary,,
8,398,HOLY SPIRIT SECONDARY SCHOOL,PRIVATE,Secondary,,
8,399,IDEAL MINDS FOUNDATION SECONDARY SCHOOL,PRIVATE,Secondary,,
8,400,KAY KRISTO MODEL SCHOOL,PRIVATE,Secondary,,
8,401,KING OF GLORY SECONDARY SCHOOL,PRIVATE,Secondary,,
8,402,KINGS & QUEENS SECONDARY SCHOOL,PRIVATE,Secondary,,
8,403,LADY HANNAH MODEL SECONDARY SCHOOL,PRIVATE,Secondary,,
8,404,LENIENT SECONDARY SCHOOL,PRIVATE,Secondary,,
8,405,LITE SPRING SECONDARY SCHOOL,PRIVATE,Secondary,,
8,406,LITTLE JANE SECONDARY SCHOOL,PRIVATE,Secondary,,
8,407,LUCID COMPREHENSIVE SECONDARY SCHOOL,PRIVATE,Secondary,,
8,408,LUCKY STAR SECONDARY SCHOOL,PRIVATE,Secondary,,
8,409,MADONNA INT’L SECONDARY SCHOOL,PRIVATE,Secondary,,
8,410,MARIA ASSUMPTA SECONDARY SCHOOL,PRIVATE,Secondary,,
8,411,MARIA FOUNDATION SECONDARY SCHOOL,PRIVATE,Secondary,,
8,412,MARIA INES COLLEGE,PRIVATE,Secondary,,
8,413,MATER CHRISTI SECONDARY SCHOOL,PRIVATE,Secondary,,
8,414,MERCHANT OF LIGHT SECONDARY SCHOOL,PRIVATE,Secondary,,
8,415,MERCY INNOVATIVE COLLEGE,PRIVATE,Secondary,,
8,416,MILLENNIUM CHALLENGE SECONDARY SCHOOL,PRIVATE,Secondary,,
8,417,MODEL IMMACULATE  SECONDARY SCHOOL,PRIVATE,Secondary,,
8,418,MOUNT ZION INT’L MODEL SECONDARY SCHOOL,PRIVATE,Secondary,,
8,419,MOUNT ZION SECONDARY SCHOOL,PRIVATE,Secondary,,
8,420,NAZARETH SECONDARY SCHOOL,PRIVATE,Secondary,,
8,421,NEHEMIAH INT’L  SECONDARY SCHOOL,PRIVATE,Secondary,,
8,422,NEW ERA SECONDARY SCHOOL,PRIVATE,Secondary,,
8,423,NOTRE DAME HIGH SCHOOL,PRIVATE,Secondary,,
8,424,ONE FOUNDATION INT’L SEC SCHOOL,PRIVATE,Secondary,,
8,425,OUR LADY'S SECONDARY SCHOOL,PRIVATE,Secondary,,
8,426,OUR LADY'S SECONDARY SCHOOL,PRIVATE,Secondary,,
8,427,OUR LADY’S COMPREHENSIVE SECONDARY SCHOOL,PRIVATE,Secondary,,
8,428,PROSPERITY SECONDARY SCHOOL,PRIVATE,Secondary,,
8,429,QUEEN OF ROSARY SECONDARY SCHOOL,PRIVATE,Secondary,,
8,430,REDEMPTION MODEL SECONDARY SCHOOL,PRIVATE,Secondary,,
8,431,RICHLAND SECONDARY SCHOOL,PRIVATE,Secondary,,
8,432,ROCK FOUNDATION SECONDARY SCHOOL,PRIVATE,Secondary,,
8,433,ROYAL FAMILY SECONDARY SCHOOL,PRIVATE,Secondary,,
8,434,ROYAL FOUNDATION SECONDARY SCHOOL,PRIVATE,Secondary,,
8,435,ROYAL FOUNDATION SECONDARY SCHOOL,PRIVATE,Secondary,,
8,436,SAM AGOGBUA SECONDARY SCHOOL,PRIVATE,Secondary,,
8,437,SANCTRUCIA SECONDARY SCHOOL,PRIVATE,Secondary,,
8,438,SEAT OF WISDOM SECONDARY SCHOOL,PRIVATE,Secondary,,
8,439,SOLID STEP SECONDARY SCHOOL,PRIVATE,Secondary,,
8,440,ST ANDREW'S SECONDARY SCHOOL,PRIVATE,Secondary,,
8,441,ST JOHN'S INT'L SECONDARY SCHOOL,PRIVATE,Secondary,,
8,442,ST JOSEPH THE WORKER INT'L SCHOOL,PRIVATE,Secondary,,
8,443,ST THOMAS COMPREHENSIVE SECONDARY SCHOOL,PRIVATE,Secondary,,
8,444,ST. ALBERT THE GREAT COLLEGE,PRIVATE,Secondary,,
8,445,ST. ANTHONY OF PADUA SECONDARY SCHOOL,PRIVATE,Secondary,,
8,446,ST. AUGUSTINE SECONDARY SCHOOL,PRIVATE,Secondary,,
8,447,ST. CHARLES BORROMEO SECONDARY SCHOOL,PRIVATE,Secondary,,
8,448,ST. EDMUND SECONDARY SCHOOL,PRIVATE,Secondary,,
8,449,ST. JOHN SECONDARY SCHOOL,PRIVATE,Secondary,,
8,450,ST. JOSEPH COMPREHENSIVE ACADEMY SEC SCHOOL,PRIVATE,Secondary,,
8,451,ST. PATRICK’S SECONDARY SCHOOL,PRIVATE,Secondary,,
8,452,ST. PAUL’S SECONDARY SCHOOL,PRIVATE,Secondary,,
8,453,STANDARD INT’L SECONDARY SCHOOL,PRIVATE,Secondary,,
8,454,STANDARD SECONDARY SCHOOL,PRIVATE,Secondary,,
8,455,STARLIGHT COMPREHENSIVE SECONDARY SCHOOL,PRIVATE,Secondary,,
8,456,SUMMER INT'L SECONDARY SCHOOL,PRIVATE,Secondary,,
8,457,SUMMIT COMPREHENSIVE SECONDARY SCHOOL,PRIVATE,Secondary,,
8,458,SUNRISE SECONDARY SCHOOL,PRIVATE,Secondary,,
8,459,SUPREME KNOWLEDGE COMPREHENSIVE SCHOOL,PRIVATE,Secondary,,
8,460,SUSU COLLEGE,PRIVATE,Secondary,,
8,461,UNION SECONDARY SCHOOL,PRIVATE,Secondary,,
8,462,UNIQUE FOUNDATION COLLEGE,PRIVATE,Secondary,,
8,463,URBAN SECONDARY SCHOOL,PRIVATE,Secondary,,
8,464,VICTORY INT’L MODEL SECONDARY SCHOOL,PRIVATE,Secondary,,
8,465,VISION BUILDERS COLLEGE,PRIVATE,Secondary,,
8,466,WILOG COMPREHENSIVE COLLEGE,PRIVATE,Secondary,,
8,467,WINNERS SECONDARY SCHOOL,PRIVATE,Secondary,,
3,468,BOYS' SEC. SCH. OJOTO,PUBLIC,Secondary,,
3,469,COMM. SEC. SCH. NNOBI,PUBLIC,Secondary,,
3,470,COMM. SEC. SCH. NNOKWA,PUBLIC,Secondary,,
3,471,GIRLS' SEC. SCH. ALOR,PUBLIC,Secondary,,
3,472,GIRLS' SEC. SCH. AWKA-ETITI,PUBLIC,Secondary,,
3,473,GIRLS' SEC. SCH. OBA,PUBLIC,Secondary,,
3,474,GIRLS' SEC. SCH. OJOTO,PUBLIC,Secondary,,
3,475,MERCHANT OF LIGHT SEC. SCH. OBA,PUBLIC,Secondary,,
3,476,OUR LADY'S SEC. SCH. NNOBI,PUBLIC,Secondary,,
3,477,ST. JOHN SEC. SCH. AKWA-UKWU,PUBLIC,Secondary,,
3,478,ST. JOHN'S SCIENCE & TEC. ALOR,PUBLIC,Secondary,,
3,479,ST. JOSEPH'S SEC. SCH. AWKA-ETITI,PUBLIC,Secondary,,
3,480,UNITY SEC. SCH. NNOKWA,PUBLIC,Secondary,,
3,481,ALL SAINTS HIGH SCHOOL,PRIVATE,Secondary,,
3,482,AVE MARIA SECONDARY SCHOOL,PRIVATE,Secondary,,
3,483,BISHOP EVANS IBEAGHA JUNIORATE SECONDARY SCHOOL,PRIVATE,Secondary,,
3,484,CHRIST THE KING SEMINARY,PRIVATE,Secondary,,
3,485,COMPREHENSIVE SECONDARY SCHOOL,PRIVATE,Secondary,,
3,486,CREATIVE SECONDARY SCHOOL,PRIVATE,Secondary,,
3,487,DEVANS COMPREHENSIVE ANEX (2) SECONDARY SCHOOL,PRIVATE,Secondary,,
3,488,ENOBI COMPREHENSIVE SECONDARY SCHOOL,PRIVATE,Secondary,,
3,489,FEDERATED BILINGUAL SECONDARY SCHOOL,PRIVATE,Secondary,,
3,490,FR. PAUL MEMORIAL SECONDARY SCHOOL,PRIVATE,Secondary,,
3,491,GLORY ROYAL ACADEMY,PRIVATE,Secondary,,
3,492,MATER DEI MODEL SECONDARY SCHOOL,PRIVATE,Secondary,,
3,493,OKIGBO MEMORIAL SECONDARY SCHOOL,PRIVATE,Secondary,,
3,494,SEAT OF WISDOM COMPREHENSIVE SECONDARY SCHOOL,PRIVATE,Secondary,,
3,495,ST PAUL'S MODEL SECONDARY SCHOOL,PRIVATE,Secondary,,
3,496,ST. JOSEPH’S SECONDARY SCHOOL,PRIVATE,Secondary,,
3,497,ST. PETER SPECIAL SECONDARY SCHOOL,PRIVATE,Secondary,,
3,498,TRINITY MODEL SECONDARY SCHOOOL,PRIVATE,Secondary,,
16,499,"ABBOT BOY'S SEC. SCHOOL, IHIALA",PUBLIC,Secondary,,
16,500,"ABBOT GIRLS SEC. SCHOOL, IHIALA",PUBLIC,Secondary,,
16,501,ASSUMPTION GIRLS ULI,PUBLIC,Secondary,,
16,502,COMM. SEC. SCH. OGWUANIOCHA,PUBLIC,Secondary,,
16,503,COMMUNITY HIGH SCH. UMUOMA-ULI,PUBLIC,Secondary,,
16,504,"COMMUNITY HIGH SCHOOL, AMORKA",PUBLIC,Secondary,,
16,505,"COMMUNITY SEC. SCH, ORSUMUOGHU",PUBLIC,Secondary,,
16,506,"COMMUNITY SEC. SCHOOL, AZIA",PUBLIC,Secondary,,
16,507,"COMMUNITY SEC. SCHOOL, ISSEKE",PUBLIC,Secondary,,
16,508,"COMMUNITY SEC. SCHOOL, LILU",PUBLIC,Secondary,,
16,509,G.T.C. IHIALA,PUBLIC,Secondary,,
16,510,"OKIJA GRAM. SCHOOL, OKIJA",PUBLIC,Secondary,,
16,511,"ST. ANTHONY'S SEC. SCHOOL, AZIA",PUBLIC,Secondary,,
16,512,ST. AUGUSTINE COLLEGE  MBOSI,PUBLIC,Secondary,,
16,513,"ST. JUDE SEC. SCHOOL, IHIALA",PUBLIC,Secondary,,
16,514,"ULI HIGH SCHOOL, ULI",PUBLIC,Secondary,,
16,515,"UNION SEC. SCHOOL, OKIJA",PUBLIC,Secondary,,
16,516,ALL SAINTS SECONDARY SCHOOL,PRIVATE,Secondary,,
16,517,ALPAT MODEL SECONDARY SCHOOL,PRIVATE,Secondary,,
16,518,AUSBORN SECONDARY SCHOOL,PRIVATE,Secondary,,
16,519,AZIA COMPREHENSIVE SECONDARY SCHOOL,PRIVATE,Secondary,,
16,520,BETHEL STANDARD SECONDARY SCHOOL,PRIVATE,Secondary,,
16,521,BISHOP PATTERSON JUNIOR SEMINARY,PRIVATE,Secondary,,
16,522,CENTRE FOR EDUCATIONAL COMM PRIMARY SCHOOL,PRIVATE,Secondary,,
16,523,CHRIST ROYAL SECONDARY SCHOOL,PRIVATE,Secondary,,
16,524,CHRIST THE FOUNDATION MODEL SECONDARY SCHOOL,PRIVATE,Secondary,,
16,525,CITY COMPREHENSIVE SECONDARY SCHOOL,PRIVATE,Secondary,,
16,526,CONVENT OF ST MARY SECONDARY SCHOOL,PRIVATE,Secondary,,
16,527,DIVINE SCHOLARS SECONDARY SCHOOL,PRIVATE,Secondary,,
16,528,DIVINE SECONDARY SCHOOL,PRIVATE,Secondary,,
16,529,DIVINITY INT'L SECONDARY SCHOOL,PRIVATE,Secondary,,
16,530,EJIM MEMO VOCATIONAL INSTITUTE,PRIVATE,Secondary,,
16,531,FIRST FOUNDATION SECONDARY SCHOOL,PRIVATE,Secondary,,
16,532,GEM CHRISTIAN SECONDARY SCHOOL,PRIVATE,Secondary,,
16,533,HIGHER ACHIEVER SECONDARY SCHOOL,PRIVATE,Secondary,,
16,534,HOLY FAMILY COMPREHENSIVE SECONDARY SCHOOL,PRIVATE,Secondary,,
16,535,HOLY GHOST JUNIORATE,PRIVATE,Secondary,,
16,536,HOPE SECONDARY SCHOOL,PRIVATE,Secondary,,
16,537,JONJAY SECONDARY SCHOOL,PRIVATE,Secondary,,
16,538,KELMAN SECONDARY SCHOOL,PRIVATE,Secondary,,
16,539,KIDDIES COLLEGE DEMONSTRATION SCHOOL,PRIVATE,Secondary,,
16,540,KINGS SECONDARY SCHOOL,PRIVATE,Secondary,,
16,541,LUCY JAMES OGUANOBI SECONDARY SCHOOL,PRIVATE,Secondary,,
16,542,LUKE SAM SECONDARY SCHOOL,PRIVATE,Secondary,,
16,543,MARYLAND COLLEGE,PRIVATE,Secondary,,
16,544,MOTHER PAUL OFFIAH MEMORIAL BOYS SECONDARY SCHOOL,PRIVATE,Secondary,,
16,545,MOTHER PAUL OFFIAH MEMORIAL GIRLS SECONDARY SCHOOL,PRIVATE,Secondary,,
16,546,PACNODIM COMPREHENSIVE SECONDARY SCHOOL,PRIVATE,Secondary,,
16,547,PAX CHRISTI COLLEGE,PRIVATE,Secondary,,
16,548,POPULAR SECONDARY SCHOOL,PRIVATE,Secondary,,
16,549,PRECIOUS CHILD SECONDARY SCHOOL,PRIVATE,Secondary,,
16,550,ROYAL INTL SECONDARY SCHOOL,PRIVATE,Secondary,,
16,551,ROYAL PRINCE SECONDARY SCHOOL,PRIVATE,Secondary,,
16,552,SACRED HEART INT'L COLLEGE,PRIVATE,Secondary,,
16,553,SEAT OF WISDOM SECONDARY SCHOOL,PRIVATE,Secondary,,
16,554,SPENCER SECONDARY SCHOOL,PRIVATE,Secondary,,
16,555,ST PATRICK'S COLLEGE,PRIVATE,Secondary,,
16,556,ST. ANTHONY'S SECONDARY SCHOOL,PRIVATE,Secondary,,
16,557,ST. CHARLES COLLEGE,PRIVATE,Secondary,,
16,558,ST. JUDE'S SECONDARY SCHOOL,PRIVATE,Secondary,,
16,559,ST. LIOUS SECONDARY SCHOOL,PRIVATE,Secondary,,
16,560,ST. VINCENT SECONDARY SCHOOL,PRIVATE,Secondary,,
16,561,TRANSFORMATION SECONDARY SCHOOL,PRIVATE,Secondary,,
16,562,ULTIMATE STAR SECONDARY SCHOOL,PRIVATE,Secondary,,
16,563,VEROAUSTIN SECONDARY SCHOOL,PRIVATE,Secondary,,
16,564,VIC COMPREHENSIVE SECONDARY SCHOOL,PRIVATE,Secondary,,
16,565,VICTORY SECONDARY SCHOOL,PRIVATE,Secondary,,
16,566,ZION SECONDARY SCHOOL,PRIVATE,Secondary,,
11,567,COMM  SEC  SCH  NIMO,PUBLIC,Secondary,,
11,568,COMM. SEC. SCH. ABBA,PUBLIC,Secondary,,
11,569,COMM. SEC. SCH. ENUGWU-AGIDI,PUBLIC,Secondary,,
11,570,COMP. SEC. SCH. NAWFIA,PUBLIC,Secondary,,
11,571,GIRLS' SEC. SCH. ABAGANA,PUBLIC,Secondary,,
11,572,GOVT. TECH. COLLEGE ENUGWU-AGIDI,PUBLIC,Secondary,,
11,573,IDE SEC. SCH. ENUGWU-UKWU,PUBLIC,Secondary,,
11,574,NAWFIA COMM. SEC. SCH. NAWFIA,PUBLIC,Secondary,,
11,575,NNAMDI AZIK. SEC. SCH. ABAGANA,PUBLIC,Secondary,,
11,576,OKUTALUKWE COMM. SEC. SCH. E/UKWU,PUBLIC,Secondary,,
11,577,ST. MICHEAL'S MOD.COMP.SEC.SCH. NIMO,PUBLIC,Secondary,,
11,578,ALL SAINTS SECODARY SCHOOL,PRIVATE,Secondary,,
11,579,BUSY INT'L SECONDARY SCHOOL,PRIVATE,Secondary,,
11,580,DIVINE HGHT SECONDARY SCHOOL,PRIVATE,Secondary,,
11,581,FEDERATED BILINGUAL SECONDARY SCHOOL,PRIVATE,Secondary,,
11,582,HILL CREST MARIST SECONDARY SCHOOL,PRIVATE,Secondary,,
11,583,JETHOSAM SECONDARY SCHOOL,PRIVATE,Secondary,,
11,584,KINGS OF KINGS INT’L SECONDARY SCHOOL,PRIVATE,Secondary,,
11,585,MARIA GRATIA PLENA SECONDARY SCHOOL,PRIVATE,Secondary,,
11,586,ST. JOSEPH'S GIRLS SECONDARY SCHOOL,PRIVATE,Secondary,,
11,587,ST. LUKES’ INSTITUTE & VOCATIONAL SCHOOL,PRIVATE,Secondary,,
11,588,ST. THERESA’S JUNIOR SECONDARY SCHOOL,PRIVATE,Secondary,,
11,589,STELLA MARIS GIRLS COLLEGE,PRIVATE,Secondary,,
11,590,VICTOR FRANKLE NEW DIMENSION SECONDARY SCHOOL,PRIVATE,Secondary,,
10,591,"AKABOEZEM COMM.SCH, URUAGU NNEWI",PUBLIC,Secondary,,
10,592,"COMM. SEC. SCH. NNEWICHI, NNEWI",PUBLIC,Secondary,,
10,593,"GIRLS' SEC. SCHOOL, NNEWI",PUBLIC,Secondary,,
10,594,M. REGINA MOD. COM. SEC. SCH. NNEWI,PUBLIC,Secondary,,
10,595,"NIGERIAN SC. & TECH. COLLEGE, NNEWI",PUBLIC,Secondary,,
10,596,"NNEWI HIGH SCHOOL, NNEWI",PUBLIC,Secondary,,
10,597,"OKONGWU MEM. GRAM. SCH, NNEWI",PUBLIC,Secondary,,
10,598,"WOMEN ED. CENTRE, NNEWI",PUBLIC,Secondary,,
10,599,ALL SAINTS INT’L SECONDARY SCHOOL,PRIVATE,Secondary,,
10,600,BENEVOLENT COMPR. SECONDARY SCHOOL,PRIVATE,Secondary,,
10,601,BET COMPREHENSIVE ACADEMY,PRIVATE,Secondary,,
10,602,BISHOP UZODIKE MEMORIAL SEMINARY,PRIVATE,Secondary,,
10,603,CHARLES NDUAGUBA MEMORIAL ANGELS’ SECONDARY SCHOOL,PRIVATE,Secondary,,
10,604,CHRIST THE KING (WAY) SECONDARY SCHOOL,PRIVATE,Secondary,,
10,605,CITY OF GOD'S GLORY SECONDARY SCHOOL,PRIVATE,Secondary,,
10,606,DIVINE HOPE MODEL SECONDARY SCHOOL,PRIVATE,Secondary,,
10,607,DR. ALUTU COLLEGE OF EXCELLENCE,PRIVATE,Secondary,,
10,608,EAGLES INTERNATIONAL HIGH SCHOOL,PRIVATE,Secondary,,
10,609,EBONYI INT'L SECONDADRY SCHOOL,PRIVATE,Secondary,,
10,610,ENJOY COMPREHENSIVE SECONDARY SCHOOL,PRIVATE,Secondary,,
10,611,EVENTS SECONDARY SCHOOL,PRIVATE,Secondary,,
10,612,EVIDENCE LINK ACADEMY SECONDARY SCHOOL,PRIVATE,Secondary,,
10,613,EXCELLENCE INT'L SECONDARY SCHOOL,PRIVATE,Secondary,,
10,614,FAITH FOUNDATION SECONDARY SCHOOL,PRIVATE,Secondary,,
10,615,FOUNTAIN OF KNOWLEDGE MODEL SECONDARY SCHOOL,PRIVATE,Secondary,,
10,616,FOUNTAIN OF LIGHT INT'L SECONDARY SCHOOL,PRIVATE,Secondary,,
10,617,FOUNTAIN OF WISDOM INT'L SCHOOL,PRIVATE,Secondary,,
10,618,GLIMPSE EBULLUENT SECONDARY SCHOOL,PRIVATE,Secondary,,
10,619,GODS WILL INT’L SECONDARY SCHOOL,PRIVATE,Secondary,,
10,620,GOLDEN MINDS SECONDARY SCHOOL,PRIVATE,Secondary,,
10,621,GRACE ORAKA MEM. SECONDARY SCHOOL,PRIVATE,Secondary,,
10,622,GREAT DIVINE GIFT SECONDARY SCHOOL,PRIVATE,Secondary,,
10,623,HOLY INNOCENT SECONDARY SCHOOL,PRIVATE,Secondary,,
10,624,IMMACULATA GIRLS MODEL SECONDARY SCHOOL,PRIVATE,Secondary,,
10,625,IMMANUEL MODEL SECONDARY SCHOOL,PRIVATE,Secondary,,
10,626,INDUSTRIAL COMPREHENSIVE COLLEGE,PRIVATE,Secondary,,
10,627,JESUS THE WAY INT'L SECONDARY SCHOOL,PRIVATE,Secondary,,
10,628,JUBILEE SECONDARY SCHOOL,PRIVATE,Secondary,,
10,629,KEEP LOOKING TO JESUS COMPREHENSIVE SECONDARY SCHOOL,PRIVATE,Secondary,,
10,630,KENTINA INT'L SECONDARY SCHOOL,PRIVATE,Secondary,,
10,631,KING DAVID SECONDARY SCHOOL,PRIVATE,Secondary,,
10,632,KINGS SECONDARY SCHOOL,PRIVATE,Secondary,,
10,633,LIVING WORD COMPREHENSIVE SECONDARY SCHOOL,PRIVATE,Secondary,,
10,634,MABEL DIVINE INT’L SECONDARY SCHOOL,PRIVATE,Secondary,,
10,635,MOTHER OF MERCY GIRLS SECONDARY SCHOOL,PRIVATE,Secondary,,
10,636,MSGR. JOSEPH NWIBEGBUNAM MEMORIAL SECONDARY SCHOOL,PRIVATE,Secondary,,
10,637,NDIAKWU N.E.E CENTRE,PRIVATE,Secondary,,
10,638,NETHERLAND INT’L SECONDARY SCHOOL,PRIVATE,Secondary,,
10,639,NEW ERA MODEL SECONDARY SCHOOL,PRIVATE,Secondary,,
10,640,NNEOMA SECONDARY SCHOOL,PRIVATE,Secondary,,
10,641,NODOS INT'L SECONDARY SCHOOL,PRIVATE,Secondary,,
10,642,NOTRE DAME SECONDARY SCHOOL,PRIVATE,Secondary,,
10,643,PACESETTERS INT'L SECONDARY SCHOOL,PRIVATE,Secondary,,
10,644,PREMIUM BREED SECONDARY SCHOOL,PRIVATE,Secondary,,
10,645,PROFESSOR SAM CHUKWUJEKWU MEMORIAL GRAMMAR SCHOOL,PRIVATE,Secondary,,
10,646,PRUDENT TUTORS DEMONSTRATION SECONDARY SCHOOL,PRIVATE,Secondary,,
10,647,QUEEN OF ANGELS SECONDARY SCHOOL,PRIVATE,Secondary,,
10,648,ROYAL MAJESTY SECONDARY SCHOOL,PRIVATE,Secondary,,
10,649,ROYAL SECONDARY SCHOOL,PRIVATE,Secondary,,
10,650,SANCTA MARIA COMPREHENSIVE SECONDARY SCHOOL,PRIVATE,Secondary,,
10,651,ST LOUIS SECONDARY SCHOOL,PRIVATE,Secondary,,
10,652,ST MARY'S CATHEDRAL SECONDARY SCHOOL,PRIVATE,Secondary,,
10,653,ST MIKEL'S INT'L SECONDARY SCHOOL,PRIVATE,Secondary,,
10,654,ST THOMAS AQUINAS SECONDARY SCHOOL,PRIVATE,Secondary,,
10,655,ST. JOSEPH SECONDARY SCHOOL,PRIVATE,Secondary,,
10,656,ST. MICHAEL'S SECONDARY SCHOOL,PRIVATE,Secondary,,
10,657,ST. MICHAELS ACADEMY SCHOOL,PRIVATE,Secondary,,
10,658,ST. PHILIP ANG. GRAMMAR SCHOOL,PRIVATE,Secondary,,
10,659,STELLA MARIS COMPREHENSIVE SECONDARY SCHOOL,PRIVATE,Secondary,,
10,660,SUMMIT INTERNATIONAL SECONDARY SCHOOL,PRIVATE,Secondary,,
10,661,TELAIM SAVVY SECONDARY SCHOOL,PRIVATE,Secondary,,
10,662,THE GOOD SHEPHERD SECONDARY SCHOOL,PRIVATE,Secondary,,
10,663,THE LORDS FOUNDATION SECONDARY SCHOOL,PRIVATE,Secondary,,
10,664,THE MASTERS SECONDARY SCHOOL,PRIVATE,Secondary,,
10,665,UNIVERSITY PREPARATORY SECONDARY SCHOOL,PRIVATE,Secondary,,
4,666,"AWO-EZIMUZO CSS, EZINIFITE",PUBLIC,Secondary,,
4,667,"COMMUNITY HIGH SCHOOL, EZINIFITE",PUBLIC,Secondary,,
4,668,"COMMUNITY HIGH SCHOOL, OSUMENYI",PUBLIC,Secondary,,
4,669,COMMUNITY SEC. SCH.  AZIGBO,PUBLIC,Secondary,,
4,670,"COMMUNITY SEC. SCHOOL, AKWAIHEDI",PUBLIC,Secondary,,
4,671,"COMMUNITY SEC. SCHOOL, AMICHI",PUBLIC,Secondary,,
4,672,"COMMUNITY SEC. SCHOOL, EBENATOR",PUBLIC,Secondary,,
4,673,"COMMUNITY SEC. SCHOOL, EKWULUMILI",PUBLIC,Secondary,,
4,674,"COMMUNITY SEC. SCHOOL, UKPOR",PUBLIC,Secondary,,
4,675,EBE UNITY COLLEGE UKPOR,PUBLIC,Secondary,,
4,676,"GOVT. TECHNICAL COLLEGE, UTUH",PUBLIC,Secondary,,
4,677,OSUMENYI HIGH SCH OSUMENYI,PUBLIC,Secondary,,
4,678,ST. JOHNBOSCO (PREMIER) SEC. SCH. UNUBI,PUBLIC,Secondary,,
4,679,"UKPOR HIGH SCHOOL, UKPOR",PUBLIC,Secondary,,
4,680,"UNION SEC. SCHOOL, (BSS) AMICHI",PUBLIC,Secondary,,
4,681,UNUBI HIGH SCHOOL UNUBI,PUBLIC,Secondary,,
4,682,"UTUH HIGH SCHOOL, UTUH",PUBLIC,Secondary,,
4,683,ASSUMPTION COMPREHENSIVE SECONDARY SCHOOL,PRIVATE,Secondary,,
4,684,BET COMPREHENSIVE ACADEMY,PRIVATE,Secondary,,
4,685,BETHEL SECONDARY SCHOOL,PRIVATE,Secondary,,
4,686,BISHOP OKOYE MEMORIAL GIRLS SECONDARY SCHOOL,PRIVATE,Secondary,,
4,687,CHRIST SECONDARY SCHOOL,PRIVATE,Secondary,,
4,688,CITADEL SECONDARY GRAMMAR SCHOOL,PRIVATE,Secondary,,
4,689,DIAMOND MODEL SECONDARY SCHOOL,PRIVATE,Secondary,,
4,690,ENIZIM SECONDARY SCHOOL,PRIVATE,Secondary,,
4,691,FIDELITY SECONDARY SCHOOL,PRIVATE,Secondary,,
4,692,GOLDEN STAR SECONDARY SCHOOL,PRIVATE,Secondary,,
4,693,HOLY CHILD CONVENT,PRIVATE,Secondary,,
4,694,HOLY CROSS SECONDARY SCHOOL,PRIVATE,Secondary,,
4,695,MADONNA SECONDARY SCHOOL,PRIVATE,Secondary,,
4,696,MASTER’S VESSEL SEMINARY SCHOOL,PRIVATE,Secondary,,
4,697,MATER AMABILIS COMPREHENSIVE HIGH SCHOOL,PRIVATE,Secondary,,
4,698,MOTHER OF MARY GIRLS SECONDARY SCHOOL,PRIVATE,Secondary,,
4,699,PREMIER SECONDARY SCHOOL,PRIVATE,Secondary,,
4,700,QUEEN OF ANGELS SECONDARY SCHOOL,PRIVATE,Secondary,,
4,701,REGINA CAELI SECONDARY SCHOOL,PRIVATE,Secondary,,
4,702,RHEMA INT'L SECONDARY SCHOOL,PRIVATE,Secondary,,
4,703,ST PAULS SECONDARY SCHOOL,PRIVATE,Secondary,,
4,704,ST. ANTHONY OF PADUA SECONDARY SCHOOL,PRIVATE,Secondary,,
4,705,ST. MARY’S SECONDARY SCHOOL,PRIVATE,Secondary,,
4,706,ST. PATRICK’S SECONDARY SCHOOL,PRIVATE,Secondary,,
4,707,ST. PAULS SECONDARY SCHOOL,PRIVATE,Secondary,,
4,708,ST. PAULS SEMINARY,PRIVATE,Secondary,,
4,709,TALENT SECONDARY SCHOOL,PRIVATE,Secondary,,
4,710,TOPSMART INT'L SECONDARY SCHOOL,PRIVATE,Secondary,,
4,711,TRINITY COMPREHENSIVE SECONDARY SCHOOL,PRIVATE,Secondary,,
4,712,VICTORY IDEAL SECONDARY SCHOOL,PRIVATE,Secondary,,
4,713,SANTA MARIA SECONDARY/TECHNICAL COLLEGE,PRIVATE,Secondary,,
19,714,GOVT TECH. COLLEGE. OSOMALA,PUBLIC,Secondary,,
19,715,ANTHONY OBAZE MEMO COMM SEC  SCH OCHUCHE,PUBLIC,Secondary,,
19,716,COMM. SEC.SCH.OKPOKO(BOYS'),PUBLIC,Secondary,,
19,717,COMM. SEC. SCH. ATANI,PUBLIC,Secondary,,
19,718,COMM. SEC. SCH IYIOWA ODEKPE,PUBLIC,Secondary,,
19,719,COMM.HIGH SEC.SCH.(CGSS) OKPOKO,PUBLIC,Secondary,,
19,720,IDEKE GRAMM.SEC. SCH IDEKE,PUBLIC,Secondary,,
19,721,JOSEPHINE ODUAH MEMO.SEC.SCH. AKILI-OZIZOR,PUBLIC,Secondary,,
19,722,OGBARU HIGH. SCH.OGBAKUBA,PUBLIC,Secondary,,
19,723,UNITY COMP.GIRLS HIGH SCH. OKPOKO,PUBLIC,Secondary,,
19,724,A.K OBIEFUNA SECONDARY SCHOOL,PRIVATE,Secondary,,
19,725,ANTHONY OBAZE MEMORIAL SECONDARY SCHOOL,PRIVATE,Secondary,,
19,726,APEX SECONDARY SCHOOL,PRIVATE,Secondary,,
19,727,ARCH BISHOP VALERIAN SECONDARY SCHOOL,PRIVATE,Secondary,,
19,728,BLESSED CHILD SECONDERY SCHOOL,PRIVATE,Secondary,,
19,729,BLESSED INT'L SECONDARY SCHOOL,PRIVATE,Secondary,,
19,730,BRAINING SECONDARY SCHOOL,PRIVATE,Secondary,,
19,731,BUSY MINDS SECONDARY SCHOOL,PRIVATE,Secondary,,
19,732,CALVARY SECONDARY SCHOOL,PRIVATE,Secondary,,
19,733,CHINA FOUNDATION INT’L SECONDARY SCHOOL,PRIVATE,Secondary,,
19,734,CHRIST THE KING MODEL SECONDARY SCHOOL,PRIVATE,Secondary,,
19,735,CHRIST’S KIN IDEAL SECONDARY SCHOOL,PRIVATE,Secondary,,
19,736,COVENANT MODEL COLLEGE,PRIVATE,Secondary,,
19,737,CREATIVE MODEL INT’L SECONDARY SCHOOL,PRIVATE,Secondary,,
19,738,DE DAVIDS SECODARY SCHOOL,PRIVATE,Secondary,,
19,739,DE-BRIGHT STARS MODEL SECONDARY SCHOOL,PRIVATE,Secondary,,
19,740,DIVINE DESTINY INT’L SECONDARY SCHOOL,PRIVATE,Secondary,,
19,741,DIVINE ROYAL SECONDARY SCHOOL,PRIVATE,Secondary,,
19,742,DYNAMIC SECONDARY SCHOOL (NOW FUTURE HOPE SEC. SCHOOL),PRIVATE,Secondary,,
19,743,EDE SECONDARY SCHOOL,PRIVATE,Secondary,,
19,744,EL-SHALOM CONVENT,PRIVATE,Secondary,,
19,745,FAITH MODEL SECONDARY SCHOOL,PRIVATE,Secondary,,
19,746,FOUNTAIN MODEL SECONDARY SCHOOL,PRIVATE,Secondary,,
19,747,GLOBAL SECONDARY SCHOOL,PRIVATE,Secondary,,
19,748,GOD’S FRIEND INT’L SECONDARY SCHOOL,PRIVATE,Secondary,,
19,749,GOD’S GOODNESS REMEDIAL SENIOR SECONDARY SCHOOL,PRIVATE,Secondary,,
19,750,GRACE OF GOD INT’L SECONDARY SCHOOL,PRIVATE,Secondary,,
19,751,GRACELAND SECONDARY SCHOOL,PRIVATE,Secondary,,
19,752,HOLY LAND FOUNDATION SECONDARY SCHOOL,PRIVATE,Secondary,,
19,753,HOSSANA MODEL SECONDARY SCHOOL,PRIVATE,Secondary,,
19,754,IDEKE GIRLS’ SECONDARY SCHOOL,PRIVATE,Secondary,,
19,755,JOSEPHINE ODUAH MEMORIAL TECHNICAL SECONDARY SCHOOL,PRIVATE,Secondary,,
19,756,LEADERS OF TOMORROW SECONDARY SCHOOL,PRIVATE,Secondary,,
19,757,LIBERTY SECONDARY SCHOOL,PRIVATE,Secondary,,
19,758,LIGHT INT'L SECONDARY SCHOOL,PRIVATE,Secondary,,
19,759,LORD'S CONCEPT SECONDARY SCHOOL,PRIVATE,Secondary,,
19,760,MADONNA SECONDARY SCHOOL,PRIVATE,Secondary,,
19,761,MANUS COMPREHENSIVE SECONDARY SCHOOL,PRIVATE,Secondary,,
19,762,OUR LADY OF GRACE INT’L SECONDARY SCHOOL,PRIVATE,Secondary,,
19,763,OXFORD CREATIVE INT’L SECONDARY SCHOOL,PRIVATE,Secondary,,
19,764,PRINCE OF PEACE FOUNDATION SECONDARY SCHOOL,PRIVATE,Secondary,,
19,765,PROGRESS INT’L SECONDARY SCHOOL,PRIVATE,Secondary,,
19,766,QUEEN OF ANGEL SECONDARY SCHOOL,PRIVATE,Secondary,,
19,767,SANTA TERESIA MODEL SECONDARY SCHOOL,PRIVATE,Secondary,,
19,768,SHOWLIGHT INT’L SECONDARY SCHOOL,PRIVATE,Secondary,,
19,769,SS PETER & PAUL MODEL SECONDARY SCHOOL,PRIVATE,Secondary,,
19,770,ST. CHARLES LWANGA INT’L SECONDARY SCHOOL,PRIVATE,Secondary,,
19,771,ST. GREGORY SECONDARY SCHOOL,PRIVATE,Secondary,,
19,772,ST. JAMES ANGLICAN SECONDARY SCHOOL,PRIVATE,Secondary,,
19,773,ST. JUDE’S COMPREHENSIVE SECONDARY SCHOOL,PRIVATE,Secondary,,
19,774,ST. MARY THE VIRGIN MODEL SECONDARY SCHOOL,PRIVATE,Secondary,,
19,775,ST. PATRICK’S COLLEGE,PRIVATE,Secondary,,
19,776,ST. PATRICK’S SECONDARY SCHOOL,PRIVATE,Secondary,,
19,777,ST. PATRICK’S SECONDARY SCHOOL,PRIVATE,Secondary,,
19,778,ST. PAUL COMPREHENSIVE SECONDARY SCHOOL,PRIVATE,Secondary,,
19,779,ST. RAPHEAL THE ARCHANGEL MODEL SECONDARY SCHOOL,PRIVATE,Secondary,,
19,780,ST. TESSY MARTINS SECONDARY SCHOOL,PRIVATE,Secondary,,
19,781,ST. VINCENT DE PAUL SECONDARY SCHOOL,PRIVATE,Secondary,,
19,782,SUCCESS BUILDERS SECONDARY SCHOOL,PRIVATE,Secondary,,
19,783,THE KINGS AMBASSADOR SEMINARY,PRIVATE,Secondary,,
19,784,ULTIMATE FOUNDATION SECONDARY SCHOOL,PRIVATE,Secondary,,
19,785,UNITY COMPREHENSIVE GIRLS HIGH SCHOOL,PRIVATE,Secondary,,
19,786,UNIVERSAL SECONDARY SCHOOL,PRIVATE,Secondary,,
19,787,VERSITY COMPREHENSIVE COLLEGE,PRIVATE,Secondary,,
19,788,VICTORY COMPREHENSIVE SECONDARY SCHOOL,PRIVATE,Secondary,,
14,789,ADO GIRLS' SEC. SCHOOL,PUBLIC,Secondary,,
14,790,ANGLICAN GIRLS' SEC. SCH. ONITSHA,PUBLIC,Secondary,,
14,791,ARMY DAY SEC. SCHOOL,PUBLIC,Secondary,,
14,792,DENNIS MEMO. GRAM. SCHOOL,PUBLIC,Secondary,,
14,793,EASTERN ACADEMY,PUBLIC,Secondary,,
14,794,GOVT. TECH. COLLEGE,PUBLIC,Secondary,,
14,795,INLAND GIRLS' SEC. SCHOOL,PUBLIC,Secondary,,
14,796,METROPOLITAN COLLEGE,PUBLIC,Secondary,,
14,797,NEW ERA GIRLS' SEC. SCH.,PUBLIC,Secondary,,
14,798,ONITSHA HIGH SCHOOL,PUBLIC,Secondary,,
14,799,"OUR LADY'S HIGH SCHOOL,",PUBLIC,Secondary,,
14,800,PATTERSON MEMO GRAM SCHOOL OSHA,PUBLIC,Secondary,,
14,801,PRINCE MEM. SEC. ONITSHA,PUBLIC,Secondary,,
14,802,QUEEN OF ROSARY SCHOOL,PUBLIC,Secondary,,
14,803,ST. CHARLES SEC. SCHOOL,PUBLIC,Secondary,,
14,804,WASHINGTON MEM. SEC. SCH.,PUBLIC,Secondary,,
14,805,SUPREME KING'S KIDS SECONDARY SCHOOL,PRIVATE,Secondary,,
14,806,ACTUS DEI INT’L SECONDARY  SCHOOL,PRIVATE,Secondary,,
14,807,AKUNNE ONIAH MEMORIAL SECONDARY SCHOOL,PRIVATE,Secondary,,
14,808,ALL HALLOWS SEMINARY SCHOOL,PRIVATE,Secondary,,
14,809,ASAF SECONDARY SCHOOL,PRIVATE,Secondary,,
14,810,BE RADIANT SECONDARY SCHOOL,PRIVATE,Secondary,,
14,811,BETH-ROOTS MODEL SECONDARY SCHOOL,PRIVATE,Secondary,,
14,812,BISHOP CROWTHER MEM. (BCM) MODEL SECONDARY SCHOOL,PRIVATE,Secondary,,
14,813,BRIGHT INT’L SECONDARY SCHOOL,PRIVATE,Secondary,,
14,814,BUSY BRAIN INT’L SECONDARY SCHOOL,PRIVATE,Secondary,,
14,815,CHAMPION MODEL SECONDARY SCHOOL,PRIVATE,Secondary,,
14,816,CHARLES HEEREY INT’L SECONDARY SCHOOL,PRIVATE,Secondary,,
14,817,CORDI STARS INT’L SECONDARY SCHOOL,PRIVATE,Secondary,,
14,818,CREATIVE EDUCATION SECONDARY SCHOOL,PRIVATE,Secondary,,
14,819,CRESCENT MOON INT'L SECONDARY SCHOOL,PRIVATE,Secondary,,
14,820,DAYSPRING COMPR. GIRLS’ SECONDARY SCHOOL,PRIVATE,Secondary,,
14,821,DIVINE COLLEGE,PRIVATE,Secondary,,
14,822,DIVINE INTERVENTION SECONDARY SCHOOL,PRIVATE,Secondary,,
14,823,DIVINE MODEL SECONDARY SCHOOL,PRIVATE,Secondary,,
14,824,DIVINE PROVIDENCE INT’L SECONDARY SCHOOL,PRIVATE,Secondary,,
14,825,DIVINE WISDOM SECONDARY SCHOOL,PRIVATE,Secondary,,
14,826,DOMINION SPRING INT’L SECONDARY SCHOOL,PRIVATE,Secondary,,
14,827,EL-SHADDAI SCHOOL OF VOCATIONAL STUDIES,PRIVATE,Secondary,,
14,828,FAITH FOUNDATION INT’L SECONDARY SCHOOL,PRIVATE,Secondary,,
14,829,FRONT LINERS' INT'L SECONDARY SCHOOL,PRIVATE,Secondary,,
14,830,GIPPS SECONDARY SCHOOL,PRIVATE,Secondary,,
14,831,GLORY LAND INT'L SECONDARY SCHOOL,PRIVATE,Secondary,,
14,832,GLORY SECONDARY SCHOOL,PRIVATE,Secondary,,
14,833,GREATER TOMMORROW SECONDARY SCHOOL,PRIVATE,Secondary,,
14,834,HERITAGE HEIGHTS SECONDARY SCHOOL,PRIVATE,Secondary,,
14,835,HOLY CHILD INT’L SECONDARY SCHOOL,PRIVATE,Secondary,,
14,836,HOLY CROSS SECONDARY SCHOOL,PRIVATE,Secondary,,
14,837,HOLY SPIRIT INT’L SECONDARY SCHOOL,PRIVATE,Secondary,,
14,838,KINGDOM HERITAGE COLLEGE,PRIVATE,Secondary,,
14,839,LATTER RAIN FOUNDATION SECONDARY SCHOOL,PRIVATE,Secondary,,
14,840,LEARNING FIELD INT’L SECONDARY SCHOOL,PRIVATE,Secondary,,
14,841,LITERATE SECONDARY SCHOOL,PRIVATE,Secondary,,
14,842,LIVING STONE INT'L SECONDARY SCHOOL,PRIVATE,Secondary,,
14,843,MARANATHA INT’L SECONDARY SCHOOL,PRIVATE,Secondary,,
14,844,MAY SECONDARY SCHOOL,PRIVATE,Secondary,,
14,845,MOTHER MARY BENEDETH SECONDARY SCHOOL,PRIVATE,Secondary,,
14,846,MYRTTE VIRE SECONDARY SCHOOL,PRIVATE,Secondary,,
14,847,NEW BETHEL SECONDARY SCHOOL,PRIVATE,Secondary,,
14,848,NEW-WORLD INT’L SECONDARY SCHOOL,PRIVATE,Secondary,,
14,849,NEZVILLE COLLEGE,PRIVATE,Secondary,,
14,850,NKISI COMPREHENSIVE SCHOOL,PRIVATE,Secondary,,
14,851,NKISI REGENT SECONDARY SCHOOL,PRIVATE,Secondary,,
14,852,ONWARD SECONDARY SCHOOL,PRIVATE,Secondary,,
14,853,OUR CHILDREN’S SECONDARY SCHOOL,PRIVATE,Secondary,,
14,854,OUR LADY OF ASSUMPTION SECONDARY SCHOOL,PRIVATE,Secondary,,
14,855,OZOUGWU COMPREHENSIVE SECONDARY SCHOOL,PRIVATE,Secondary,,
14,856,PEATECH COMPUTER SCHOOL,PRIVATE,Secondary,,
14,857,REDEEMED CHRISTIAN SCHOOL,PRIVATE,Secondary,,
14,858,REDEMPTION CHRISTIAN SECONDARY SCHOOL,PRIVATE,Secondary,,
14,859,REGINA PACIS MODEL SECONDARY SCHOOL,PRIVATE,Secondary,,
14,860,RINESKID JUNIOR SECONDARY SCHOOL,PRIVATE,Secondary,,
14,861,ROCK FOUNDATION COLLEGE,PRIVATE,Secondary,,
14,862,ROYAL AMBASSODORS SECONDARY SCHOOL,PRIVATE,Secondary,,
14,863,SEDES SAPIENTIA COMPREHENSIVE,PRIVATE,Secondary,,
14,864,SPRING FIELD ACADEMY,PRIVATE,Secondary,,
14,865,ST VALERIAN'S HIGH SCHOOL,PRIVATE,Secondary,,
14,866,ST. BARNABAS SECONDARY SCHOOL,PRIVATE,Secondary,,
14,867,ST. CHRISTOPHER’S JUNIOR SEMINARY,PRIVATE,Secondary,,
14,868,ST. MARK’S STANDARD SECONDARY SCHOOL,PRIVATE,Secondary,,
14,869,STAFF SCHOOL FEDERAL GOVERNMENT GIRL’S COLLEGE,PRIVATE,Secondary,,
14,870,SUMMER INT’L SECONDARY SCHOOL,PRIVATE,Secondary,,
14,871,TRINITY SECONDARY SCHOOL,PRIVATE,Secondary,,
14,872,UNITED LEARNERS MODEL SECONDARY SCHOOL,PRIVATE,Secondary,,
14,873,VICTORY COMPREHENSIVE SECONDARY SCHOOL,PRIVATE,Secondary,,
14,874,WEST END SECONDARY SCHOOL,PRIVATE,Secondary,,
14,875,WISDOM MODEL SCHOOL,PRIVATE,Secondary,,
14,876,Y.W.C.A SCHOOL,PRIVATE,Secondary,,
1,877,CHRIST THE KING COLLEGE,PUBLIC,Secondary,,
1,878,METU MEM.SEC.SCHOOL,PUBLIC,Secondary,,
1,879,MODEBE MEM. SEC. SCHOOL,PUBLIC,Secondary,,
1,880,SPECIAL SEC SCH FOR THE DEAF,PUBLIC,Secondary,,
1,881,URBAN BOYS SEC SCHOOL,PUBLIC,Secondary,,
1,882,URBAN GIRLS SEC SCHOOL,PUBLIC,Secondary,,
1,883,BASIC STEP INT’L SECONDARY SCHOOL,PRIVATE,Secondary,,
1,884,BETHLEHEM SECONDARY SCHOOL,PRIVATE,Secondary,,
1,885,BISHOP ONYEMELUKWE SECONDARY SCHOOL,PRIVATE,Secondary,,
1,886,CITY INT’L SECONDARY SCHOOL,PRIVATE,Secondary,,
1,887,CREATIVE BASED C.M SECONDARY SCHOOL,PRIVATE,Secondary,,
1,888,DEO-GRATIAS SECONDARY SCHOOL,PRIVATE,Secondary,,
1,889,EMMANUEL COLLEGE (VOCATIONAL CENTRE),PRIVATE,Secondary,,
1,890,ESTATE SECONDARY SCHOOL,PRIVATE,Secondary,,
1,891,EXCELLENT INT’L SECONDARY SCHOOL,PRIVATE,Secondary,,
1,892,GOOD HOPE INT’L SECONDARY SCHOOL,PRIVATE,Secondary,,
1,893,HALLOWED GROUND SECONDARY SCHOOL,PRIVATE,Secondary,,
1,894,INFANT JESUS SECONDARY SCHOOL,PRIVATE,Secondary,,
1,895,KEZZ FOUNDATION SECONDARY SCHOOL,PRIVATE,Secondary,,
1,896,LEARNING FIELD INT’L SECONDARY SCHOOL,PRIVATE,Secondary,,
1,897,LIVING WORD SECONDARY SCHOOL,PRIVATE,Secondary,,
1,898,MAY-RAYS SECONDARY SCHOOL,PRIVATE,Secondary,,
1,899,NKEM COMPREHENSIVE SECONDARY SCHOOL,PRIVATE,Secondary,,
1,900,PINNACLE SECONDARY SCHOOL,PRIVATE,Secondary,,
1,901,PROMISE INT’L SECONDARY SCHOOL,PRIVATE,Secondary,,
1,902,PRUDENCE COMPREHENSIVE SECONDARY SCHOOL,PRIVATE,Secondary,,
1,903,PURE FOUNDATION SECONDARY SCHOOL,PRIVATE,Secondary,,
1,904,QUEENS COMPREHENSIVE SECONDARY SCHOOL,PRIVATE,Secondary,,
1,905,SALVATION ARMY SECONDARY SCHOOL,PRIVATE,Secondary,,
1,906,SEAT OF WISDOM COMMERCIAL SECONDARY SCHOOL,PRIVATE,Secondary,,
1,907,SHANAHAM MEM. COLLEGE,PRIVATE,Secondary,,
1,908,ST. FAITH SECONDARY SCHOOL,PRIVATE,Secondary,,
1,909,ST. JOHN INT’L EVENING COLLEGE,PRIVATE,Secondary,,
1,910,ST. JOHN’S MODEL SECONDARY SCHOOL,PRIVATE,Secondary,,
1,911,ST. MONICA’S SECONDARY SCHOOL,PRIVATE,Secondary,,
1,912,THE ANGELS SECONDARY SCHOOL,PRIVATE,Secondary,,
1,913,THE SALVATION ARMY SECONDARY SCHOOL,PRIVATE,Secondary,,
1,914,VITORY MODEL SECONDARY SCHOOL,PRIVATE,Secondary,,
1,915,ZEST INT'L COLLEGE,PRIVATE,Secondary,,
7,916,AWGBU GRAMMAR SCH. AWGBU,PUBLIC,Secondary,,
7,917,COMM SEC SCH NDIUKWUENU,PUBLIC,Secondary,,
7,918,COMM SEC. SCH. NDIOWU,PUBLIC,Secondary,,
7,919,COMM SEC.SCH. AJALI,PUBLIC,Secondary,,
7,920,"COMM. HIGH SCHOOL, NANKA",PUBLIC,Secondary,,
7,921,COMM. HIGH.SCH. AWGBU,PUBLIC,Secondary,,
7,922,COMM. SEC. SCH AWA,PUBLIC,Secondary,,
7,923,COMM. SEC. SCH. ENUGWUABOR UFUMA,PUBLIC,Secondary,,
7,924,COMM. SEC. SCH. NANKA,PUBLIC,Secondary,,
7,925,COMM. SEC. SCH. NDIKELIONWU,PUBLIC,Secondary,,
7,926,COMM. SEC. SCH. OKO,PUBLIC,Secondary,,
7,927,COMM. SEC. SCH. UFUMA,PUBLIC,Secondary,,
7,928,COMM. SEC.SCH. OMOGHO,PUBLIC,Secondary,,
7,929,COMM.SEC. SCH. AWGBU,PUBLIC,Secondary,,
7,930,COMM.SEC.SCH. OKPEZE,PUBLIC,Secondary,,
7,931,COMM.SEC.SCH.NDIOKPALEKE,PUBLIC,Secondary,,
7,932,ALL SAINTS INT'L TECHNICAL COLLEGE,PRIVATE,Secondary,,
7,933,AUSTICA MEMORIAL COLLEGE,PRIVATE,Secondary,,
7,934,"DAUGHTERS OF MARY, MOTHER OF MERCY HIGH SCHOOL",PRIVATE,Secondary,,
7,935,DEUS PRIMUS COLLEGE,PRIVATE,Secondary,,
7,936,FEDERAL POLYTECHNIC STAFF SECONDARY SCHOOL,PRIVATE,Secondary,,
7,937,HOLY CHILD COLLEGE,PRIVATE,Secondary,,
7,938,HOLYGHOST ACADEMY,PRIVATE,Secondary,,
7,939,JESURITES SECONDARY SCHOOL,PRIVATE,Secondary,,
7,940,MIND OF GOD INT’L SECONDARY SCHOOL,PRIVATE,Secondary,,
7,941,MIND OF GOD INT’L SECONDARY SCHOOL,PRIVATE,Secondary,,
7,942,POLYTHECNIC STAFF SECONDARY SCHOOL,PRIVATE,Secondary,,
7,943,ST CHARLES IWANGA SECONDARY SCHOOL,PRIVATE,Secondary,,
7,944,ST. CATHERINES COMPREHENSIVE SECONDARY SCHOOL,PRIVATE,Secondary,,
7,945,ST. MARY THE VIRGIN CONVENT,PRIVATE,Secondary,,
7,946,THE INCUBATORS SECONDARY SCHOOL,PRIVATE,Secondary,,
21,947,ALL SAINTS SEC.SCH. UMUNZE,PUBLIC,Secondary,,
21,948,BASDEN MEMORIAL EDU. CENTER ISULO,PUBLIC,Secondary,,
21,949,COMM. HIGH. SCH. NAWFIJA,PUBLIC,Secondary,,
21,950,COMM. HIGH. SCH. UMUNZE,PUBLIC,Secondary,,
21,951,COMM. HIGH.SCH. OGBOJI,PUBLIC,Secondary,,
21,952,COMM. SEC. SCH. IHITE,PUBLIC,Secondary,,
21,953,COMM. SEC.SCH. OWERE EZUKALA,PUBLIC,Secondary,,
21,954,COMM. .SEC. SCH. OGBUNKA (GSS),PUBLIC,Secondary,,
21,955,GOVT TECHNICAL COLLEGE UMUNZE,PUBLIC,Secondary,,
21,956,NEW BETHEL SEC. SCH. ISULO,PUBLIC,Secondary,,
21,957,PREMIER SEC. SCH. OGBUNKA (BSS),PUBLIC,Secondary,,
21,958,UNION SEC.SCH. OWERE EZUKALA,PUBLIC,Secondary,,
21,959,UNION SEC.SCH. UMUOMAKU,PUBLIC,Secondary,,
21,960,VICTORY HIGH. SCH. EZIRA,PUBLIC,Secondary,,
21,961,AGAPE UNIQUE SECONDARY SCHOOL,PRIVATE,Secondary,,
21,962,BEATI NUNDO COMPREHENSIVE SECONDARY SCHOOL,PRIVATE,Secondary,,
21,963,BETHEL COMPREHENSIVE COLLEGE,PRIVATE,Secondary,,
21,964,CALVARY COMPREHENSIVE SECONDARY SCHOOL,PRIVATE,Secondary,,
21,965,DEMONSTRATION SECONDARY SCHOOL,PRIVATE,Secondary,,
21,966,DIVINE SUCCESS INT'L SECCONDARY SCHOOL,PRIVATE,Secondary,,
21,967,FR. EKWU MEMORIAL SECONDARY SCHOOL,PRIVATE,Secondary,,
21,968,FR. TANSI MEMORIAL SECONDARY SCHOOL,PRIVATE,Secondary,,
21,969,GAIUS BENTON SECONDARY SCHOOL,PRIVATE,Secondary,,
21,970,HOLY INNOCENT MODEL SECONDARY SCHOOL,PRIVATE,Secondary,,
21,971,IKE MEMORIAL SECONDARY SCHOOL,PRIVATE,Secondary,,
21,972,IMMACULATE CONCEPTION INT’L SECONDARY SCHOOL,PRIVATE,Secondary,,
21,973,LORD'S LIVINGSTONE MODEL SECONDARY SCHOOL,PRIVATE,Secondary,,
21,974,MADONNA COMMERCIAL COLLEGE,PRIVATE,Secondary,,
21,975,MADONNA GIRLS SECONDARY SCHOOL,PRIVATE,Secondary,,
21,976,MADONNA SECONDARY SCHOOL,PRIVATE,Secondary,,
21,977,MODEL SECONDARY SCHOOL,PRIVATE,Secondary,,
21,978,ST PETERS SECONDARY SCHOOL,PRIVATE,Secondary,,
21,979,ST. DOMINIC SEMINARY,PRIVATE,Secondary,,
21,980,ST. JOSEPH’S HIGH SCHOOL,PRIVATE,Secondary,,
21,981,ST. PATRICKS SECONDARY SCHOOL,PRIVATE,Secondary,,
21,982,UNIVERSAL COMPREHENSIVE SECONDARY SCHOOL,PRIVATE,Secondary,,
5,983,COMM. HIGH SCH. NTEJE,PUBLIC,Secondary,,
5,984,CAVE CITY SEC. SCH. OGBUNIKE,PUBLIC,Secondary,,
5,985,COMM. HIGH SCH. N/EZUNAKA,PUBLIC,Secondary,,
5,986,COMM. SEC. SCH. AWKUZU,PUBLIC,Secondary,,
5,987,COMM. SEC. SCH. UMUNYA,PUBLIC,Secondary,,
5,988,MODEL COMPR. SEC. SCH. N/EZUNAKA,PUBLIC,Secondary,,
5,989,NEW ERA SEC. SCH. NTEJE,PUBLIC,Secondary,,
5,990,PROGRESSIVE SEC. SCH. UMUNYA,PUBLIC,Secondary,,
5,991,ST. MONICA'S COLLEGE OGBUNIKE,PUBLIC,Secondary,,
5,992,UNITY SEC. SCH. AWKUZU,PUBLIC,Secondary,,
5,993,WOMEN EDUCATION CENTRE AWKUZU,PUBLIC,Secondary,,
5,994,CEDARS INT'L COLLEGE,PRIVATE,Secondary,,
5,995,ACCESS INT'L SECONDARY SCHOOL,PRIVATE,Secondary,,
5,996,ARCHBISHOP MAXWELL ANIKWENWA SECONDARY SCHOOL,PRIVATE,Secondary,,
5,997,ASHLEY OAKS HIGH SCHOOL,PRIVATE,Secondary,,
5,998,BEHOLD THE KING'S COLLEGE,PRIVATE,Secondary,,
5,999,CARDINAL ARINZE SECONDARY SCHOOL,PRIVATE,Secondary,,
5,1000,CAVE CITY SECONDARY  SCHOOL,PRIVATE,Secondary,,
5,1001,CLASSIQUE HEIGHT SECONDARY SCHOOL,PRIVATE,Secondary,,
5,1002,CRYSTAL VALLEY MODERN HIGH SCHOOL,PRIVATE,Secondary,,
5,1003,DE APEX CREATIVE MINDS,PRIVATE,Secondary,,
5,1004,DEEPER LIFE HIGH SCHOOL,PRIVATE,Secondary,,
5,1005,DIVINE INT'L MODEL SECONDARY SCHOOL,PRIVATE,Secondary,,
5,1006,DIVINE KNOWLEDGE SECONDARY SCHOOL,PRIVATE,Secondary,,
5,1007,EAGLES MIND ACADEMY SECONDARY SCHOOL,PRIVATE,Secondary,,
5,1008,EBENEZER MODEL SECONDARY SCHOOL,PRIVATE,Secondary,,
5,1009,EVA ROSE SECONDARY SCHOOL,PRIVATE,Secondary,,
5,1010,FORTUNE COLLEGE,PRIVATE,Secondary,,
5,1011,HARVEST TIME DEVINE SECONDARY SCHOOL,PRIVATE,Secondary,,
5,1012,HOLY HILLS INT'L SECONDARY SCHOOL,PRIVATE,Secondary,,
5,1013,HOLY STAR SECONDARY SCHOOL,PRIVATE,Secondary,,
5,1014,LIFECARE SECONDARY SCHOOL,PRIVATE,Secondary,,
5,1015,MARIST COMPREHENSIVE COLLEGE,PRIVATE,Secondary,,
5,1016,MATER DEI SECONDARY SCHOOL,PRIVATE,Secondary,,
5,1017,MATER MISERICORDIA SECONDARY SCHOOL,PRIVATE,Secondary,,
5,1018,MODEL COMPREHENSIVE SECONDARY SCHOOL,PRIVATE,Secondary,,
5,1019,MOUNT OLIVE COLLEGE,PRIVATE,Secondary,,
5,1020,ORIENT SPECIAL COLLEGE,PRIVATE,Secondary,,
5,1021,REFINED FIELD SECONDARY SCHOOL,PRIVATE,Secondary,,
5,1022,ROYAL DESTINED INT’L SECONDARY SCHOOL,PRIVATE,Secondary,,
5,1023,SACRED HEART SECONDARY SCHOOL,PRIVATE,Secondary,,
5,1024,ST JOHNPAUL II SECONDARY SCHOOL,PRIVATE,Secondary,,
5,1025,ST THERESA HIGH SCHOOL,PRIVATE,Secondary,,
5,1026,ST. ANTHONY SECONDARY SCHOOL,PRIVATE,Secondary,,
5,1027,ST. JOHN INT’L SECONDARY SCHOOL,PRIVATE,Secondary,,
5,1028,ST. MONICA’S COLLEGE,PRIVATE,Secondary,,
5,1029,ST. PATRICK’S SECONDARY SCHOOL,PRIVATE,Secondary,,
5,1030,ST. RAPHAEL’S SECONDARY SCHOOL,PRIVATE,Secondary,,
5,1031,ST. STEPHEN'S COLLEGE,PRIVATE,Secondary,,
5,1032,STAR LIGHT SECONDARY SCHOOL,PRIVATE,Secondary,,
5,1033,TORIA SECONDARY SCHOOL,PRIVATE,Secondary,,
21,1034,"COMMUNITY SECONADRY  SCHOOL, EZIAGU",PUBLIC,Secondary,,
15,1035,"COMMUNITY HIGH SCHOOL, UGBENU",PUBLIC,Secondary,,
15,1036,"UNITY COLLEGE UMUJI, EBENEBE",PUBLIC,Secondary,,
